externalId,elementId,labelId,userId
P6Ji45lo6QU,1,7,2
P6Ji45lo6QU,1,1,7
_WP2XwBhmAk,2,2,2
_WP2XwBhmAk,2,6,7
_Xi5ZVbbftI,3,1,2
_Xi5ZVbbftI,3,8,7
03RKbQ43Jvc,4,5,2
03RKbQ43Jvc,4,8,7
0fO1mz1Y4e4,5,2,2
0fO1mz1Y4e4,5,6,7
12tSdGxAtHU,6,2,2
12tSdGxAtHU,6,8,7
2M-xRye03vI,7,6,2
2M-xRye03vI,7,4,7
2PqbekOBTjE,8,6,2
2PqbekOBTjE,8,8,7
2R2oxzlbpCE,9,7,2
2R2oxzlbpCE,9,4,7
2T4TV4xOZWg,10,3,2
2T4TV4xOZWg,10,8,7
2ukt1D-RqTk,11,6,2
2ukt1D-RqTk,11,8,7
3MB5diOes9g,12,3,2
3MB5diOes9g,12,4,7
3ZuJQKy5H4g,13,2,2
3ZuJQKy5H4g,13,8,7
4MGJp1nj7Zc,14,7,2
4MGJp1nj7Zc,14,8,7
5GoZZKcNZiQ,15,2,2
5GoZZKcNZiQ,15,8,7
5p-IomO71vc,16,8,2
5p-IomO71vc,16,8,7
622Q3U63BYU,17,3,2
622Q3U63BYU,17,5,7
6oNzvmk9vVU,18,2,2
6oNzvmk9vVU,18,4,7
7EzjMKQyaE0,19,1,7
7EzjMKQyaE0,19,2,2
7MaM2D2OjP0,20,3,2
7MaM2D2OjP0,20,5,7
7yhGDm1Rpg4,21,7,2
7yhGDm1Rpg4,21,6,7
84dKqZAgrKI,22,8,2
84dKqZAgrKI,22,6,7
8GQvMt-ow4w,23,3,2
8GQvMt-ow4w,23,8,7
8ruFVmxf0zs,24,3,2
8ruFVmxf0zs,24,7,7
9V8bLTnGZ84,25,1,2
9V8bLTnGZ84,25,7,7
9YS39FWQgto,26,7,2
9YS39FWQgto,26,1,7
a4c03JVk96c,27,4,2
a4c03JVk96c,27,8,7
AeFXmIgxk1M,28,2,2
AeFXmIgxk1M,28,5,7
Ahj8Okm1v8o,29,3,2
Ahj8Okm1v8o,29,8,7
AHu0-yWIQ0g,30,3,2
AHu0-yWIQ0g,30,8,7
AZrFscGDnpU,31,6,2
AZrFscGDnpU,31,2,7
B_gFCDs8CFw,32,3,2
B_gFCDs8CFw,32,6,7
B3U8s9DS588,33,2,2
B3U8s9DS588,33,6,7
bcc3Gc-2yU8,34,8,2
bcc3Gc-2yU8,34,8,7
bDQEImCyI0E,35,3,2
bDQEImCyI0E,35,6,7
BFRVi0Nzjrk,36,8,2
BFRVi0Nzjrk,36,8,7
bfTSa1skOHY,37,6,2
bfTSa1skOHY,37,4,7
BjQ6Y4_fqKo,38,6,7
BjQ6Y4_fqKo,38,6,2
buWUpIJHEz4,39,7,2
buWUpIJHEz4,39,6,7
BvfABFaiBVo,40,8,2
BvfABFaiBVo,40,1,7
c4r916P4oyI,41,3,2
c4r916P4oyI,41,6,7
CFqEeJM4t1s,42,2,2
CFqEeJM4t1s,42,5,7
CHQkaKbHocs,43,3,2
CHQkaKbHocs,43,4,7
cldggUgsjfo,44,3,2
cldggUgsjfo,44,4,7
cMHrfutBukY,45,8,2
cMHrfutBukY,45,8,7
cN32-na-X-Q,46,3,2
cN32-na-X-Q,46,5,7
cOMhdIq8P3k,47,7,2
cOMhdIq8P3k,47,6,7
CT9mILHT6DM,48,1,7
CT9mILHT6DM,48,1,2
CuKuomiEbKM,49,8,2
CuKuomiEbKM,49,8,7
DITSwtQjaXM,50,6,7
DITSwtQjaXM,50,7,2
dvuI8OKtBwE,51,1,2
dvuI8OKtBwE,51,1,7
DwVq211J8Dg,52,8,2
DwVq211J8Dg,52,8,7
egRlvGL6XJ0,53,8,2
egRlvGL6XJ0,53,8,7
EIhFupwqOU4,54,1,2
EIhFupwqOU4,54,6,7
EungfdgX_bc,55,8,2
EungfdgX_bc,55,8,7
f0fXsXb5NNk,56,8,2
f0fXsXb5NNk,56,8,7
F6bKgMEFqjY,57,4,2
F6bKgMEFqjY,57,4,7
f6EutSztzu4,58,4,2
f6EutSztzu4,58,4,7
F6nu9tYTAvU,59,6,2
F6nu9tYTAvU,59,5,7
f7sE32OMVeI,60,5,2
f7sE32OMVeI,60,5,7
fq57yNC_lqs,61,4,2
fq57yNC_lqs,61,4,7
fSfp3SyllsU,62,8,2
fSfp3SyllsU,62,8,7
FsRppK4xFNs,63,1,2
FsRppK4xFNs,63,1,7
FTIZ8DjT_FU,64,5,7
FTIZ8DjT_FU,64,5,2
FUzaDCPxB7k,65,8,2
FUzaDCPxB7k,65,8,7
FV2CEPyoKt0,66,8,2
FV2CEPyoKt0,66,8,7
G1lLMGVfPSU,67,4,2
G1lLMGVfPSU,67,6,7
gf6BdD5U07k,68,5,7
gf6BdD5U07k,68,1,2
H2-nP2xl9Zg,69,4,2
H2-nP2xl9Zg,69,8,7
h5FYeAXbi68,70,4,2
h5FYeAXbi68,70,8,7
H8bpOc85Nw4,71,8,7
H8bpOc85Nw4,71,4,2
HAxq9wVR2UY,72,1,2
HAxq9wVR2UY,72,4,7
HfBk32lDm7Y,73,8,2
HfBk32lDm7Y,73,8,7
hOdvL7QC4AM,74,2,2
hOdvL7QC4AM,74,8,7
HPWR_mpzY9I,75,1,2
HPWR_mpzY9I,75,1,7
hSR_7mTgpVQ,76,5,7
hSR_7mTgpVQ,76,5,2
HXhRGpBHBnM,77,6,2
HXhRGpBHBnM,77,6,7
i7Ev0AepAmY,78,8,7
i7Ev0AepAmY,78,8,2
i9Qv-6DG3Zw,79,6,2
i9Qv-6DG3Zw,79,4,7
iAWslxNC7e4,80,4,2
iAWslxNC7e4,80,4,7
Ic7OsHQZ61g,81,1,2
Ic7OsHQZ61g,81,6,7
ifLex3yyjaQ,82,8,2
ifLex3yyjaQ,82,8,7
IGWnWkS_-yk,83,6,7
IGWnWkS_-yk,83,6,2
iMJsnF7LMOw,84,8,7
iMJsnF7LMOw,84,1,2
inLIFzn37xc,85,1,2
inLIFzn37xc,85,1,7
ioyEkXiyXYQ,86,8,2
ioyEkXiyXYQ,86,8,7
IVcLsQ0n-xw,87,6,2
IVcLsQ0n-xw,87,8,7
jc1KAalc_hE,88,8,2
jc1KAalc_hE,88,8,7
JMVwY4MJGds,89,5,2
JMVwY4MJGds,89,5,7
JoD2s1vGNP0,90,6,2
JoD2s1vGNP0,90,8,7
KBxNF8Qxz-Q,91,4,2
KBxNF8Qxz-Q,91,8,7
KcObqAoxKRI,92,7,2
KcObqAoxKRI,92,2,7
kEBCXWhrjcc,93,5,7
kEBCXWhrjcc,93,7,2
KeuSqVtGi-E,94,3,2
KeuSqVtGi-E,94,1,7
KpxWwvhfnRs,95,8,2
KpxWwvhfnRs,95,8,7
kr3a2I5PR8c,96,8,7
kr3a2I5PR8c,96,8,2
k-tFHVkUjMU,97,6,2
k-tFHVkUjMU,97,6,7
kUyuKqIfMN0,98,8,7
kUyuKqIfMN0,98,8,2
L95Lilzf6yQ,99,6,2
L95Lilzf6yQ,99,6,7
LdiZSSeLRFU,100,6,2
LdiZSSeLRFU,100,6,7
lGDkbrhyIzY,101,1,2
lGDkbrhyIzY,101,1,7
LHXGxuN9PVw,102,3,2
LHXGxuN9PVw,102,8,7
LmN8bybyQY8,103,8,2
LmN8bybyQY8,103,8,7
LNtD_D7OWJs,104,8,2
LNtD_D7OWJs,104,8,7
lPPNpMVKgdU,105,5,2
lPPNpMVKgdU,105,4,7
lrphH0-eAGI,106,6,2
lrphH0-eAGI,106,6,7
ltNiSFII2Lk,107,8,2
ltNiSFII2Lk,107,8,7
LuZ0FKGRsXA,108,4,2
LuZ0FKGRsXA,108,4,7
m2gILsP1mT4,109,6,2
m2gILsP1mT4,109,6,7
M6AXPf-2dUs,110,1,7
M6AXPf-2dUs,110,1,2
miy2mbs2zAQ,111,8,7
miy2mbs2zAQ,111,8,2
mKS8VdPFHyk,112,6,2
mKS8VdPFHyk,112,6,7
Ms69-3KEnSQ,113,8,7
Ms69-3KEnSQ,113,8,2
Mv7zj_OIXR4,114,3,7
Mv7zj_OIXR4,114,3,2
MZbR5VrsczM,115,8,2
MZbR5VrsczM,115,8,7
N1PJhncSoNY,116,4,2
N1PJhncSoNY,116,4,7
N3KcYzva8Dg,117,8,2
N3KcYzva8Dg,117,8,7
NdkJvtcHhwA,118,4,7
NdkJvtcHhwA,118,1,2
NepWHr7g5gU,119,4,2
NepWHr7g5gU,119,4,7
NIc_3B-zTN0,120,6,2
NIc_3B-zTN0,120,6,7
nirscVsKpQE,121,4,2
nirscVsKpQE,121,4,7
NMwGU3tD44c,122,4,2
NMwGU3tD44c,122,4,7
ntXzVjEwl3o,123,6,2
ntXzVjEwl3o,123,6,7
NvqRtP0Dh9I,124,7,2
NvqRtP0Dh9I,124,4,7
NW_A3VUHKVA,125,8,7
NW_A3VUHKVA,125,8,2
nZbdW91q5_4,126,8,2
nZbdW91q5_4,126,8,7
Oc3UEoc7C0s,127,6,2
Oc3UEoc7C0s,127,8,7
oGL4KoHIYo8,128,8,2
oGL4KoHIYo8,128,8,7
P1vgKLLF7Rg,129,6,2
P1vgKLLF7Rg,129,6,7
P8cDURx4Ryo,130,6,2
P8cDURx4Ryo,130,6,7
peewxRlNVqg,131,4,2
peewxRlNVqg,131,4,7
q1dLUamSlGM,132,4,2
q1dLUamSlGM,132,4,7
Q6MwHhWrhqQ,133,6,2
Q6MwHhWrhqQ,133,6,7
qa-JJm8CiiU,134,8,2
qa-JJm8CiiU,134,8,7
QcFy_slVNfg,135,8,2
QcFy_slVNfg,135,8,7
QfC9kifJyWI,136,7,2
QfC9kifJyWI,136,6,7
QKv1OhXjdkE,137,6,2
QKv1OhXjdkE,137,6,7
Qo-TlQBDQ5c,138,7,2
Qo-TlQBDQ5c,138,2,7
qsfHl1zbKqM,139,5,2
qsfHl1zbKqM,139,5,7
QZ-RIhiBtpE,140,1,2
QZ-RIhiBtpE,140,1,7
r4Y-furscmY,141,5,2
r4Y-furscmY,141,5,7
R86ZmIydQ34,142,8,2
R86ZmIydQ34,142,8,7
rDE15cKeMR0,143,6,2
rDE15cKeMR0,143,4,7
Re_DtZrsXbs,144,7,2
Re_DtZrsXbs,144,4,7
RFniTvmVc1w,145,8,2
RFniTvmVc1w,145,8,7
Rgt36vXH6jE,146,6,2
Rgt36vXH6jE,146,4,7
rjF5jabXRCY,147,8,2
rjF5jabXRCY,147,8,7
rYTOmiIGCY4,148,6,2
rYTOmiIGCY4,148,6,7
SjjTJjhH5QI,149,8,2
SjjTJjhH5QI,149,8,7
Sl9l8ngWBKs,150,1,2
Sl9l8ngWBKs,150,2,7
SlV80DvSPyE,151,5,2
SlV80DvSPyE,151,5,7
SmvOPgSsLhw,152,2,2
SmvOPgSsLhw,152,4,7
SWz5PCTOgag,153,8,2
SWz5PCTOgag,153,8,7
szMuc8op7uk,154,4,2
szMuc8op7uk,154,4,7
T6gofsDJDj0,155,2,2
T6gofsDJDj0,155,2,7
tazJxRmF7Uk,156,1,2
tazJxRmF7Uk,156,1,7
tdivW7inP0k,157,8,2
tdivW7inP0k,157,8,7
tDMTSvTTNyM,158,8,2
tDMTSvTTNyM,158,8,7
TPABwh2E9Tg,159,6,2
TPABwh2E9Tg,159,6,7
TrsVdQ7DjaQ,160,6,2
TrsVdQ7DjaQ,160,4,7
tsEXhLvX1zY,161,2,2
tsEXhLvX1zY,161,2,7
U8_Bu4cPNXw,162,1,2
U8_Bu4cPNXw,162,3,7
uBgC2arm3mw,163,7,2
uBgC2arm3mw,163,8,7
UmA-2Gkhytw,164,1,2
UmA-2Gkhytw,164,1,7
uyWKJ2o9gPM,165,6,2
uyWKJ2o9gPM,165,4,7
V7qLe8_0Cag,166,2,2
V7qLe8_0Cag,166,2,7
VM7BlFwsR_o,167,2,2
VM7BlFwsR_o,167,2,7
vXxAD_Bwm34,168,8,2
vXxAD_Bwm34,168,8,7
vyGPhUEdp-0,169,1,2
vyGPhUEdp-0,169,5,7
WLROgHKQHZk,170,4,2
WLROgHKQHZk,170,1,7
WTNcJeGMhs0,171,4,2
WTNcJeGMhs0,171,4,7
wzYftndq1F8,172,2,2
wzYftndq1F8,172,2,7
x8DGPcozQYk,173,8,2
x8DGPcozQYk,173,8,7
X92f6WH-qvg,174,1,2
X92f6WH-qvg,174,1,7
xu46jvRlrRA,175,1,2
xu46jvRlrRA,175,1,7
xyZx0pEbN0c,176,8,2
xyZx0pEbN0c,176,8,7
y3kz7aLRqfc,177,8,2
y3kz7aLRqfc,177,8,7
YizYNWYi6FU,178,1,2
YizYNWYi6FU,178,4,7
ykUwJ7QGD2g,179,1,2
ykUwJ7QGD2g,179,1,7
YTb_DkUAFFw,180,1,2
YTb_DkUAFFw,180,5,7
YyDMlXEZqb0,181,6,2
YyDMlXEZqb0,181,6,7
Z1IqewSDDcc,182,8,2
Z1IqewSDDcc,182,8,7
z5-YD7oBrZ8,183,6,2
z5-YD7oBrZ8,183,5,7
Z625R9eljIc,184,1,2
Z625R9eljIc,184,5,7
Zhs1DwQB85c,185,7,2
Zhs1DwQB85c,185,4,7
zIAu4YnptHw,186,6,2
zIAu4YnptHw,186,4,7
zMP3C3y8o_E,187,4,2
zMP3C3y8o_E,187,8,7
ZseVAaGlTbk,188,6,2
ZseVAaGlTbk,188,6,7
ZWpgIvikHrU,189,7,2
ZWpgIvikHrU,189,6,7
