VideoID,Title,Description,Author,Published,ViewCount,Duration,Likes,Dislikes,Rating,Category,CategoryNumber,CommentCount,Comments,Query Term,LabelOrder,TaskOrder
_td9UgI_o-w,100k Freedom Run-Help 2 Follow U!,"http://www.joino2.com/kingdomwealth Ready, Set, Go-100k Freedom run is under way. Marlena Burton 618 223 6006.",TransferofHealth&Wealth,2017-06-29T01:51:41.000Z,53,0:02:47,1,0,5,Howto & Style,7,0,[],"""follow u""",2742,1
PI4ZFPqk5oQ,How to Reapply thermal paste to MSI Wind laptop,How to Reapply thermal paste to MSI Wind laptop.,Thomas Duncan,2009-06-12T05:04:35.000Z,9464,0:04:26,12,4,4,Howto & Style,7,15,[],"thermal ""thermal paste""",87,2
TPMbfNrBaEk,Solomark Night Vision Monocular Review,"Hope it can bring you a wonderful information. For more details on this product, please find on: http://amzn.to/1SDQj2g.",Perry Winkle,2016-04-12T03:06:56.000Z,12914,0:06:57,58,4,4.741935253,People & Blogs,11,0,[],"""night vision""",875,3
6YNqKvC-gyc,"Mimi the Cat, captured in longwave infrared (2-14 micrometers)","Mimi the Cat, captured in longwave infrared (2-14 micrometers). Skip to 0:30 to see the kitty!!!!!",goofypettiger,2015-02-12T19:32:49.000Z,126,0:01:33,0,0,0,Science & Technology,13,0,[],"lepton ""infrared camera""",2285,4
01rb2i-GxeA,Follow me and i will Follow uðŸ˜…ðŸ˜†ðŸ˜‡ðŸ‘‘ðŸ’²ðŸ’³,Love u follow me and I will follow u too.,Raqibat Sule,2016-05-17T17:39:34.000Z,33,0:02:17,2,0,5,People & Blogs,11,4,[],"""follow u""",1540,5
H4CYQddYg_M,Dell Inspiron N5010 OVERHEATING FIX : Applying THERMAL PASTE under heatsink,In this video I have completely tear down the DELL INSPIRON N5010 to change the thermal paste on graphic card and the processor also. Change of thermal ...,pprasoon91,2015-08-05T11:13:55.000Z,14646,0:33:26,23,1,4.833333492,Science & Technology,13,9,[],"""thermal paste""",2106,6
Wz8pqrvpCdA,Social Pro Gold U - Facebook Advertising for Real Estate Agents,Join Jacqueline from RLS2000 for our November 2015 Social Pro Gold U Webinar to learn about Facebook Ads for your real estate business.,RLS2000,2015-11-19T19:19:19.000Z,209,0:51:55,0,0,0,People & Blogs,11,0,[],"""u facebook""",863,7
yw1ByhaSvHo,How Night Vision Works,"This is a video report made by CBS5 'Good Question' with Ken Bastinda, where he has a talk with James Munn from American Technologies Network Corp.",ATN Corp.,2010-03-24T11:59:22.000Z,200340,0:01:34,262,17,4.756272316,Science & Technology,13,4,[],"thermography ""night vision""",2539,8
hcMRG0emlbQ,M7-x long range PTZ thermal imaging flir camera,"M7-x long range PTZ thermal camera multi sensor system with continuous zoom IR camera and HD CCTV zoom color low light daytime camera, a complete ...",hms311,2011-07-17T07:41:37.000Z,0,0:00:00,0,0,0,Unknown,16,0,[],"""thermal image"" ""flir thermal""",1495,9
f4KZ6G5Xd5E,Ganti  thermal paste di vga,video ini menunjukan seberapa ngaruh thermal pasta di vga anda dan cara mengganti thermal pasta subscribe like and share for more video.,darmawanpc,2016-04-06T11:05:06.000Z,3664,0:05:13,17,2,4.578947544,Science & Technology,13,8,[],"""thermal paste""",987,10
kPUz_Tzkwr0,Laptop Hp dv6 thermal paste replacement (5min time lapse),Blog:http://trueblogtrueblog.blogspot.gr/ personal Facebook page https://www.facebook.com/Makis101 Music by Heartbeat Riot (@heartbeatriot): ...,Macau Gr,2015-03-20T18:19:56.000Z,4063,0:05:04,21,1,4.818181992,Gaming,6,7,[],"""thermal paste""",1055,11
OwVZvev15lI,CPU cooler used for an iPhone IR video taken with Flir One,This is a supplementary video for the iPhone cooled by a CPU cooler video I made here: https://www.youtube.com/watch?v=QXHxpUeay_A This proves that the ...,DeuteriumTech,2016-10-07T18:33:53.000Z,39,0:00:50,0,0,0,Science & Technology,13,0,[],"""flir one""",906,12
hyuNGy5lOek,20141002 Thermal camera test 2 - Thermography mode Rainbow,Embedding is authorized â€“ Not for broadcast use This is the second in a series of tests of a personal thermal imaging device. The unit cost is under $3000.,mcfdtv,2014-10-03T03:12:56.000Z,87,0:03:03,0,0,1,News & Politics,9,0,[],"lepton ""infrared thermography""",1354,13
muU9Y0E2RDc,"Bremerton, Edmonds & Seattle, WA | Thermal Imaging Services (Infrared Thermography)",http://northwestinfrared.com - Northwest Infrared is a member of the United Infrared Network of certified thermographers. Infrared services include moisture and ...,Ken English,2011-06-05T14:39:21.000Z,72,0:02:06,1,0,5,People & Blogs,11,0,[],"""infrared thermography""",713,14
Mf4OoR6a42o,Lazada Tech Deals for the Week 33! 06/02/2017,"Support my channel by using my â–»Lazada Affiliate Link: http://ho.lazada.com.ph/SHISwj â€¢Also, if you don't mind donating: â–»My Patreon: ...",The TechieGames,2017-06-02T14:18:47.000Z,203,0:03:21,11,1,4.666666508,Science & Technology,13,8,[],"""thermal camera"" ""thermal paste""",2240,15
S8RoD_db-2U,âœ” How to Make Homemade Infrared Cam,How to Make Homemade Infrared Cam . SUBSCRIBE: http://www.youtube.com/user/LlegaWeapon?sub_confirmation=1 - Follow Me: Facebook: ...,Mr. Llega,2015-05-30T16:00:01.000Z,46139,0:04:33,291,66,4.260504246,Howto & Style,7,46,[],"thermography ""thermal paste""",2227,16
TPZrMZJ_3Mg,Seek Thermal - Ð±Ð°Ð»ÐºÐ¾Ð½,Ð’Ð¸Ð´ÐµÐ¾ Ðº Ð¾Ð±Ð·Ð¾Ñ€Ñƒ ÐºÐ°Ð¼ÐµÑ€Ñ‹ Seek Thermal http://mysku.ru/blog/usa-stores/28734.html.,unuunn,2014-11-15T15:10:26.000Z,721,0:01:18,0,0,0,People & Blogs,11,0,[],"""seek thermal""",1773,17
IFb3qErh8CI,I used a slow motion camera to look at gaming panels,Ever wonder what those monitor specs mean and what they look like in slow motion? â€¢â€¢â€¢ Follow me on your favorite Social Media! â€¢â€¢â€¢ Facebook ...,JayzTwoCents,2016-11-10T22:13:19.000Z,165704,0:09:49,11050,150,4.946428776,Science & Technology,13,2165,[],"""thermal imaging"" ""thermal paste""",2769,18
lODuyW6li9w,MINKING-FLIR Thermo Vison of Thermal Imaging PTZ camera MG-TA series,Here's video of MINKING Thermal Imaging PTZ camera MG-TA Series (Dual Thermal camera and color camera) It's using FLIR Thermal sensor and SONY zoom ...,Jerry Shaw,2013-01-16T06:59:00.000Z,131,0:00:05,0,0,0,Science & Technology,13,0,[],"thermography ""flir lepton""",779,19
ulBgcsMJvLQ,FLIR Thermal Carousel!,"Ever seen a carousel through the lens of a thermal imaging camera? Check out those joints warming up! Filmed via the FLIR T640 in Boston, MA, learn more at ...",FLIR Systems,2016-01-27T18:22:51.000Z,487,0:00:32,3,0,5,Science & Technology,13,0,[],"""flir thermal""",948,20
ody2xNGA0C4,How to apply thermal paste the right way,"Hi guys, In this video I show you how to apply thermal paste to a CPU the right way. As with applying thermal paste to a CPU, you can also use this method for ...",Dans Tech,2014-07-25T19:00:30.000Z,100795,0:02:21,179,187,2.956284046,Gaming,6,95,[],"""thermal paste""",2318,21
UTyGlyYCW8A,FLIR E8 Series Thermal Imaging Camera with MSX Technology - DEMO,For more info and Pricing: http://www.specialized.net/Specialized/FLIR-E8-Infrared-Thermal-Imaging--Camera-with-MSX-Technology-9600.aspx The FLIR E8 ...,Specialized Products Company,2014-05-05T17:20:30.000Z,2964,0:02:28,1,0,5,Education,3,0,[],"""thermal image"" ""thermal imager""",512,22
VJ4xgzSshqs,F@#*U Facebook Application,Aladino received a call in the middle of the night and no one knows if it was a dream or a real call but the idea it's awesome!,Alain Bin Naim,2011-12-03T01:52:38.000Z,90,0:03:07,1,0,5,Science & Technology,13,0,[],"""u facebook""",830,23
oR3AJ5N-xZM,Facebook Friends Day Video 2017 (2K17)-  - LOVE U FACEBOOK,A friend's day video by Facebook 2017 to me . Watch it n see how a same photo comes again n again.... LOL.,FREAK MASH,2017-02-05T14:38:45.000Z,27,0:00:50,3,0,5,People & Blogs,11,0,[],"""u facebook""",2651,24
qaGr4oFd2x8,Alekshop Thermal Infrared Camera,,jeffrsx231,2009-12-19T09:47:46.000Z,0,0:00:00,0,0,0,Unknown,16,0,[],"thermal ""infrared camera""",2098,25
bY0ONO-3C8U,FLIR TG165 Imaging IR Thermometer Demonstration,"The FLIR TG165 is available now! Visit http://www.tester.co.uk/flir-tg165-imaging-ir-thermometer for more information on this camera. This video, courtesy of FLIR ...",Pass Thermal,2014-09-29T15:58:29.000Z,1813,0:01:52,2,0,5,Science & Technology,13,0,[],"""thermal camera"" ""infrared thermography""",2751,26
gVZo6tTrzk4,Fluke Ti10 Thermal Imager Thermography,http://www.netzerotools.com/fluke-ti10-infrared-camera-thermal-imager This thermal imager is the perfect tool to add to your problem solving arsenal. Built for ...,NetZeroTools,2012-04-30T18:49:31.000Z,1793,0:02:37,2,1,3.666666746,Science & Technology,13,1,[],"""thermal image"" ""infrared thermography""",1750,27
H-yxVXRKoMk,Infra Red Electro and Machinery Survey,"As recreational vessel machinery and electrical systems become more complex and operate by a growing number of mechanical, electrical and electronic ...","Yacht Survey Asia, Marine survey",2016-01-16T03:32:23.000Z,0,0:00:00,0,0,0,Unknown,16,0,[],"thermography ""infrared thermography""",1280,28
5671l7256Vs,REAP-IR Mini Thermal Sight - Night Hunting # 1,These are a few of the first night hunts ever captured with the newly released REAP-IR. When you need a thermal weapon sight that fits perfectly on a tactical ...,Ultimate Night Vision,2016-01-14T13:38:30.000Z,3541,0:00:45,16,5,4.047618866,People & Blogs,11,4,[],"thermal ""night vision""",2174,29
g3AurVNRnEU,Sapphire R9 295X2 Unboxing: Ultimate 2014 4K Enthusiast Graphics Card,Today we unbox the highly anticipated Sapphire R9 295X2 graphics card that was just released to the average consumer a few days ago. To sum it up this card ...,MasutaGaming,2014-04-24T02:49:41.000Z,9021,0:07:05,46,13,4.118644238,Science & Technology,13,32,[],"""thermal camera"" ""thermal paste""",789,30
BpT_0vexJB4,Spot pyrometer VS Thermal camera,,FLIR Systems EMEA,2013-10-01T09:19:42.000Z,4102,0:01:39,2,0,5,Science & Technology,13,0,[],"""thermal image"" ""flir thermal""",1445,31
9hD5XUp_fiA,Thermal Inspector V1.0,First Power on of PCB rev RC2 ok !!! Our Thermal camera support module Flir Lepton 2 / 3 (under development) Our design support radiometric data output.,Roberto Navoni,2015-08-20T15:51:18.000Z,561,0:00:14,0,0,5,Unknown,16,1,[],"thermography ""flir lepton""",1792,32
_yrEJovNyMM,FLIR ONE CÃ¡mara tÃ©rmica IR para iPhone 55s   Feria CES 2014,ImÃ¡genes de las primeras unidades de FLIR ONE en la Feria CES 2014 en las VEGAS. EIDEO ANALISIS Distribuidor Oficial FLIR EspaÃ±a.,"Eideo AnÃ¡lisis, S.L.",2014-01-14T19:17:14.000Z,668,0:01:31,4,0,5,Science & Technology,13,0,[],"infrared ""flir one""",252,33
Fi0kvR5Lyrk,Eclipse LD Thermal Imager,"Eclipse LD combines the compact, sleek Eclipse design with powerful performance on a large-sized display. Infused with a state-of-the art thermal imaging ...",BullardTV,2012-07-19T14:55:20.000Z,0,0:00:00,0,0,0,Unknown,16,0,[],"""thermal imager""",1395,34
_2QI_Bp6S60,Infrared camera caught strange lights in Texas. Anyone have a clue?  22h08m03s,"Security Camera Anomaly in my backyard on March 17, 2014. Crazy energy, my monitor has 8 cameras this is the only one in the backyard. My other cameras ...",Cheryl J,2014-03-21T01:47:52.000Z,1158,0:02:08,10,3,4.076922894,People & Blogs,11,25,[],"""infrared camera""",11,35
OFCtLXar7HU,U - 'Easy Prayer',"Taken from 'We Decide Who Comes In' 12"" released 29th June, DNL out 10th July 2015 via Technicolour. iTunes: http://found.ee/uwedecide-it Ninjashop: ...",TechnicolourJams,2015-06-15T09:57:46.000Z,1575,0:03:22,17,0,5,Music,8,1,[],"""u facebook""",2554,36
WR0ntPF-75E,Flir T440 Blended Picture in Picture Infrared Thermography,http://www.netzerotools.com/flir-t440-thermal-imaging-infrared-camera The Flir T440 features Picture in Picture & Thermal Fusion - Blend visible and thermal ...,NetZeroTools,2012-04-17T21:34:18.000Z,108,0:00:24,0,0,0,Science & Technology,13,0,[],"""infrared thermography""",2009,37
ytkI-38bV4Y,Channel U Facebook Friends Event (Make Up For Ever),"Channel U's event specially for our Facebook friends! Hosted by Yes93.3 DJ Jia Hui, our exclusive Facebook friends get to learn the secret to Hollywood ...",Mediacorp Channel U,2012-09-04T01:08:13.000Z,149,0:01:05,2,0,5,Entertainment,4,0,[],"""u facebook""",1102,38
8703QThdZ60,Scott Safety's Eagle Attack Thermal Imaging Camera - In Action,Recorded footage from the TVR facility of the Eagle Attack Thermal Imaging Camera showing the screen display in use. Thanks to Bargersville Community Fire ...,ScottSafetyEMEA,2013-02-15T10:37:15.000Z,3438,0:01:07,0,0,5,Education,3,0,[],"""imaging camera""",2018,39
GtOAJtu2qBw,The Division - EVGA GTX 1080 FTW - Offscreen Benchmark,Everything turned up! PC Specs/Equipment: Windows 10 - GeForce 368.81 (Newest Driver) Intel 5930K CPU @ 4.40GHz Corsair H100i Hydro Series ...,Izzy Snow,2016-07-29T02:56:02.000Z,351,0:06:24,10,0,5,Gaming,6,7,[],"""thermal imaging"" ""thermal paste""",880,40
qJQkr2EeWJo,"""DIGI i will follow u""piano version",,chuo54321,2009-05-17T16:14:58.000Z,349,0:02:04,1,0,5,Music,8,1,[],"""follow u""",2046,41
HpE3eXyDZkg,Final Fantasy XV - Base PS4 gameplay,Watch and download this video at 60 fps on Gamersyde : http://www.gamersyde.com/download_final_fantasy_xv_base_ps4_gameplay-38750_en.html ...,Gamersyde Official,2016-11-28T16:24:15.000Z,64,0:05:20,2,0,5,Gaming,6,0,[],"""thermal image"" ""thermal paste""",309,42
VSdykUa9vgc,Southwest Thermal Solutions - Las Vegas Infrared Thermography,"Every building leaks air. Some leak water. Infrared themography can find the areas of poor or no insulation, detect moisture or mold. Call Steve at ...",Ken English,2010-07-27T14:36:12.000Z,544,0:02:27,1,0,5,People & Blogs,11,0,[],"""infrared thermography""",623,43
17TCYtUv67Q,FLIR One for iPhone using iPod Touch,"I received a FLIR One for iPhone 5/5S but I only have an iPod Touch. Lucky for me the iPod touch was a 6th gen, same processors as the iPhone 5. So I installed ...",Gadget Review Videos,2016-01-06T19:13:31.000Z,1447,0:19:50,9,0,5,Science & Technology,13,4,[],"""flir one""",164,44
TPrVHw6XCmE,Flir T420 Infrared Thermography Predictive Maintenance Techniques,http://www.netzerotools.com/flir-t420-thermal-imaging-infrared-camera FLIR T420 Features Rotatable Optical Block - Allows you to aim the lens down or up ...,NetZeroTools,2012-04-18T22:43:54.000Z,247,0:02:21,0,0,0,Science & Technology,13,0,[],"""infrared thermography""",78,45
X2hna70XNXg,Fox Crossing Railway (Thermal Imaging Video),This thermal imaging video was filmed by Dr Kayleigh Fawcett (AECOM) using a FLIR T650sc thermal imaging camera.,Kayleigh Fawcett Thermal Imaging,2016-12-20T14:24:56.000Z,51,0:01:35,0,0,0,People & Blogs,11,0,[],"""thermal image"" ""flir thermal""",240,46
Fx2QYlXSQXg,Bosch GIS 1000 C Professional Thermal Detector and Imager / Infrared Scanner,"New from Bosch! Bosch Thermal Detector, Moisture Checker, Mold Checker and can also be used as Inspection Camera. Check our website for more.",Goldpeak Tools and Hardware,2016-07-21T01:22:04.000Z,326,0:01:37,2,0,5,People & Blogs,11,0,[],"infrared ""seek thermal""",983,47
AB9zE1czOl0,FLIR Tools Software Tutorial How to video,"A short tutorial video on the free software available for FLIR Thermal Imaging cameras, produced by https://www.red-current.com/",RedCurrentLTD,2016-05-27T13:07:19.000Z,7301,0:10:06,0,0,5,Unknown,16,3,[],"thermography ""flir thermal""",928,48
Hl6xcoyAHUY,Yogi Ft. Ayah Marar - Follow You (Xilent Dubstep Remix) [HD],fabiandofficial - https://www.youtube.com/user/fabiandofficial #Best of Dubstep - http://tinyurl.com/7urfpuz #Yogi Ft. Ayah Marar - Follow You (Xilent Remix) ...,fabiandofficial,2012-01-22T16:42:04.000Z,526427,0:04:54,3671,69,4.926203251,Music,8,248,[],"""follow u""",2676,49
u7_l01yJGUk,PS4 Thermal Paste Change,"Thermal paste change on the PS4. Yes, this voids your warranty but it prevents your PS4 from overheating and running hot. The stock thermal paste is very ...",Muilisx,2015-01-16T05:39:17.000Z,49536,0:08:34,118,157,2.716363668,Autos & Vehicles,1,223,[],"thermal ""thermal paste""",852,50
uHjHhsG7614,Infrared thermal imager used in home inspections,"This a sample of what thermal imagers can do in a home inspection. The thermal imager will assist in locating moisture issues, mold, missing insulation, energy ...",Jim Kolke,2010-01-30T22:59:28.000Z,1961,0:05:19,5,2,3.857142925,Education,3,0,[],"infrared ""thermal imager""",2368,51
gX_pGllQB7E,PS3 Slim Thermal Paste Replacement Guide (Best Thermal Paste for PS3),Quick tutorial on how to apply arctic silver thermal compound(one of the best you can use) to your PlayStation 3 console to prevent it from getting the dreaded ...,Hack Everyth1ng,2015-12-30T15:56:10.000Z,9213,0:08:55,78,10,4.545454502,Howto & Style,7,28,[],"""thermal paste""",995,52
U21KIobKrJk,EVGA GTX 1080 FTW Thermal Pad Installation,I received the thermal pad mod from EVGA today and installed them as instructed. This video was done in time lapse.,Daarken1st,2016-11-08T03:34:42.000Z,359,0:00:28,1,7,1.5,Science & Technology,13,5,[],"""thermal imaging"" ""thermal paste""",2025,53
oNubNP7sQxU,Rapport @ CES2017 - FLIR Thermal Imaging VR,,Rapport - Rewarding Connections,2017-01-11T14:11:12.000Z,126,0:00:47,0,0,0,People & Blogs,11,0,[],"""flir thermal""",2759,54
h8V_8HgBwuo,Gas Sensing System (GSS),La cÃ¡mara infrarroja GSS de SENSIA es un sistema sintonizable para la detecciÃ³n de fugas de gases. Es un solo dispositivo para la detecciÃ³n de diferentes ...,Sensia Solutions,2014-12-16T17:01:04.000Z,191,0:00:51,0,0,0,Science & Technology,13,0,[],"""thermal camera"" ""thermal paste""",550,55
GKPT8OYITZY,Flir one infrared view of cars on the road - note the heat trails,"Clip of cars on streets taken in thermal infrared in Westfalia, Germany, ambient temperature approx. -2 Â°C.",Stefan Thiesen,2017-02-03T11:30:21.000Z,52,0:02:06,0,0,0,Science & Technology,13,0,[],"""thermal camera"" ""flir one""",2242,56
T01HxGrbT7M,Argus Thermal Imaging Camera - Locating a Person in Water,"This video is taken from an Argus Direct Training DVD, it shows how the Argus Thermal Imaging camera can be used to find someone in water. The body is ...",ArgusDirect,2010-02-22T15:51:40.000Z,3023,0:00:51,3,0,5,Science & Technology,13,0,[],"""imaging camera""",1433,57
AesRucHxlkM,Seek Thermal - Unboxing,See the Unseen using Seek Thermal for Android and IOS. Also available Seek Thermal Reveal.,"P.B.Dionisio - Firearms, Ammo, Parts & Accessories",2016-10-06T08:03:55.000Z,0,0:00:00,0,0,0,Unknown,16,0,[],"""seek thermal""",1657,58
fd_j6BAn18k,Seek Thermalï¼ˆã‚µãƒ¼ãƒ¢ã‚°ãƒ©ãƒ•ã‚£ãƒ¼ï¼‰é–‹å°ã€ãƒ¬ãƒ“ãƒ¥ãƒ¼,ã‚·ãƒ¼ã‚¯ã‚µãƒ¼ãƒžãƒ«ã¨ã‹ã„ã†iphoneç­‰ã«æŒ¿ã—ã¦ä½¿ã†ã‚µãƒ¼ãƒ¢ã‚°ãƒ©ãƒ•ã‚£ãƒ¼ã‚’è²·ã£ã¦ã¿ãŸ å€¤æ®µã¯3ä¸‡ã¡ã‚‡ã£ã¨ã§ã€ã¡ã‚‡ã£ã¨æ˜”ã ã£ãŸã‚‰ã¨ã‚“ã§ã‚‚ãªã„é‡‘é¡ã®ç‰©ãŒãŠ...,flycamtest,2016-02-16T14:28:58.000Z,1021,0:09:46,4,0,5,Howto & Style,7,0,[],"""seek thermal""",413,59
43sS_MdogKU,Dubstep Dance Skills | Follow U | Xilent Remix,Dancer: http://www.youtube.com/user/raino2024 Song is: Follow You (Xilent Remix),itsMRich,2012-07-10T18:21:53.000Z,3762,0:04:11,0,0,4.824999809,Unknown,16,16,[],"""follow u""",2206,60
44cKER8zaXE,How to Remove Old Thermal Paste Asus K53SV K53E A53E A52F Notebook Repair,Easy way to clean and remove old and hardened thermal paste. Materials used: - cotton swab - Isopropyl alcohol - paper towel Asus repair playlist ...,TechTronic9000,2013-12-31T17:34:41.000Z,12212,0:04:33,26,4,4.466666698,Science & Technology,13,12,[],"""thermal paste""",292,61
GiLH0rI1xg0,I Follow U - Kayef & Liont  -FÃ¼r Dagi & Timo â™¥,Video fÃ¼r Dagibee und LiontTV â™¥ Dagibee: https://www.youtube.com/user/Dagibeee LiontTV : https://www.youtube.com/user/LIONTTV.,Dagibeemyidol Lovely,2014-03-08T14:27:11.000Z,21517,0:03:59,417,7,4.933962345,People & Blogs,11,18,[],"""follow u""",357,62
xCzljCDS6aY,Flir T620 Manufacturing Infrared Camera Thermography,http://www.aikencolon.com/flir-t620-infrared-thermal-imaging-camera FLIR T620 IR Infrared Thermal Imaging Camera The FLIR T620 IR infrared thermal ...,AC Tool Supply,2012-04-24T17:51:44.000Z,91,0:02:43,0,0,0,Science & Technology,13,0,[],"""thermal image"" ""infrared thermography""",536,63
xZMqcYb7s90,Minecraft tekkit ep 034 ITA nuova stanza per pulverizer by MICHELE93A,YOUTUBE: http://www.youtube.com/user/michele93a?feature=g-crec-u FACEBOOK:https://www.facebook.com/pages/Michele93a/168355066666856 ...,michele93a,2013-07-04T11:53:44.000Z,44,0:17:05,0,0,0,Gaming,6,0,[],"thermal ""u facebook""",990,64
p5w3cjojx2M,Seek Thermal RevealXR FASTFRAME,Long-Range Thermal Imaging Camera and 300 Lumen LED Light.,Moises Guzman,2016-03-09T11:06:38.000Z,3088,0:01:26,4,2,3.666666746,News & Politics,9,0,[],"""seek thermal""",1126,65
7UtOsy5hPxo,Funimate/subscribe/comment if u have musical.y and ill  follow u,Subscribe if u are new.,king jaguar,2017-02-22T04:07:36.000Z,31,0:00:15,3,0,5,Gaming,6,6,[],"""follow u""",16,66
QS1Bf2ucQf4,Wakefield Vette Minute: 900 Series Chipset Heat Sink Attachment,"Wakefield-Vette's 900 Series Heat Sinks for BGA Chipsets can match up to devices from Intel, Broadcom, Xilinx, TI, Motorola, ATI, AMD, Nvidia, Vishay, Powerex, ...",wakefieldvette,2014-12-12T19:32:43.000Z,544,0:00:55,2,0,5,Science & Technology,13,0,[],"""thermal image"" ""thermal paste""",2365,67
GUJIf_pBwaU,Autoliv Night Vision at CES Las Vegas 2017,Night Vision uses infrared camera technology to highlight animals and pedestrians on the road at night which may not be visible to the naked eye. An infrared ...,Javier Mota,2017-01-04T22:11:38.000Z,915,0:03:13,3,0,5,Autos & Vehicles,1,1,[],"""night vision""",1941,68
sLXO-67sC9g,AMD GPU Powered On - Cold Start - Thermal Camera,We recorded the powering on of an AMD 5850 GPU with the FLIR One Thermal Camera. The GPU is pasted using Arctic Silver 5.,Top Tech Tips,2016-08-13T07:47:37.000Z,36,0:00:27,2,0,5,Science & Technology,13,0,[],"thermography ""thermal paste""",497,69
RUgkNYqvlls,Eagle Attack Thermal Imaging Camera,"Operation and maintenance of Eagle Attack Thermal Imaging Camera For more information, please visit our website: ...",ScottSafetyEMEA,2015-01-27T15:15:14.000Z,520,0:07:28,0,0,0,Science & Technology,13,0,[],"""imaging camera""",1552,70
kHWTISzpLpY,KV.D Game Trail Hunting Camera 16MP 1080P Infrared Night Vision,https://www.amazon.com/gp/product/B01H6ZSVOI/ref=oh_aui_detailpage_o02_s00?ie=UTF8&psc=1 We are extremely pleased with this KV.D Trail Hunting ...,alex chandra,2016-10-10T22:37:50.000Z,308,0:02:31,1,0,5,Howto & Style,7,0,[],"infrared ""night vision""",2116,71
2-b9MzUrK_I,How to Install Push Pin Heat Sinks,"ATS has expanded its line of push pin heat sinks, now providing straight fin, cross cut, and maxiFLOW heat sink configurations for a wide range of component ...","Advanced Thermal Solutions, Inc.",2014-01-09T15:52:14.000Z,2166,0:01:55,0,0,5,Unknown,16,4,[],"thermography ""thermal paste""",538,72
qBbXIMgGTpk,FLIR ONE walk around back yard,Thermal video of my backyard with my Flir One thermal camera.,Raymond Miller,2016-03-30T22:37:59.000Z,117,0:02:58,0,0,0,Education,3,0,[],"thermography ""flir one""",507,73
phHsXJ6lTBg,EVGA GTX 1070 SC Thermal Pad Mod - AusfÃ¼hrlicher Umbau | Hitzeproblem,Infobox fÃ¼r Infos Â« PCGH Bericht: http://bit.ly/2gBkTxT EVGA Request: http://de.evga.com/thermalmod/ ...,Timo Schmitt,2016-12-14T21:08:46.000Z,610,0:17:51,11,3,4.142857075,Science & Technology,13,13,[],"""thermal imaging"" ""thermal paste""",487,74
AwcQsbgy7AY,HACKED!: Laser Diode from DVD Burner || Constant Current Source,UPDATE: It works! Here is a small video where I use another laser diode: https://youtu.be/DSwHNE-rjv4 Previous video: https://youtu.be/XCnI6ZOYKes Constant ...,GreatScott!,2015-06-14T15:11:52.000Z,2124943,0:05:49,15397,1884,4.563914299,Science & Technology,13,697,[],"infrared ""thermal paste""",1535,75
CKM2ZAYkpgI,ITT Exelis DSNVG AN/PSQ-20 Dual Sensor Night Vision Goggle - Night Vision Thermal Fusion Monocular,Quick demonstration of the different modes on the PSQ-20.,Night Vision 2 Go,2015-06-04T19:44:49.000Z,1465,0:02:21,19,0,5,People & Blogs,11,1,[],"""thermal camera"" ""night vision""",1320,76
qR7qNqx7QiQ,Thermal infrared camera inspections,"The infrared camera, sometimes called a thermal camera is an amazing new tool for doing home inspections. I wouldn't do a home inspection without one.",inspectflorida,2009-02-13T21:05:17.000Z,1353,0:06:09,1,0,5,Science & Technology,13,0,[],"thermal ""infrared camera""",1616,77
14SrEPuGYbo,My musically and if you subscribe I will follow u by commenting your name,,Ruby and her crazy vlogs,2016-07-05T17:38:25.000Z,139,0:00:15,7,0,5,People & Blogs,11,4,[],"""follow u""",262,78
qn3S04fdnPQ,A Guide to Cleaning your Playstation 4,"In this video, we guide you through the steps needed to safely dismantle and clean the dust from your PS4.",A Slice Of Something,2017-02-21T22:30:00.000Z,48,0:07:35,5,0,5,People & Blogs,11,0,[],"""thermal image"" ""thermal paste""",1611,79
u9nBqL2OcHg,Testo 875i Thermal Imaging Camera,Testo 875 series Thermal Imaging Cameras can be used to quickly and reliably detect thermal anomalies. The Testo 875 Thermal Imagers are affordable and ...,Test4Less,2013-04-30T09:41:35.000Z,2218,0:02:02,0,1,1,Science & Technology,13,0,[],"""thermal imaging"" ""thermal imager""",2790,80
CQQJPAkpI-M,Infrared Laser Illuminator for Sony Camcorder night vision,I am happy to present an affordable IR light source I came across; I have tested it and found it to be very good and thanks to the vendor who sent me one to test ...,snypercat,2012-02-27T03:17:26.000Z,36400,0:08:09,127,4,4.877862453,Howto & Style,7,34,[],"infrared ""night vision""",572,81
ksefNt-8Vas,Seek Thermal First Video,First Video taken with the Seek Thermal Camera.,Pure Engineering,2014-10-23T02:46:27.000Z,944,0:00:48,3,1,4,Science & Technology,13,2,[],"lepton ""seek thermal""",778,82
Nb5XcZCPupM,Temperature Reading from 6 Sapphire RX 480 8GB Graphics Card Mining LBRY,Before I switch this rig over to mining another coin I wanted to get you guys some temperatures real quick. (Mining LBRY) ***Make sure to subscribe to my ...,TheBitcoinMiner,2016-10-22T19:11:35.000Z,981,0:03:23,10,0,5,Howto & Style,7,4,[],"""thermal imaging"" ""thermal paste""",223,83
biW7MOHSclQ,European Premiere - First gauge-integrated Thermal Imaging Camera,"At INTERSCHUTZ 2015 MSA shows for the first time in Europe a concept for a gauge-integrated Thermal Imaging Camera. In this way, every firefighter could be ...",MSA,2015-06-09T07:20:45.000Z,1686,0:01:18,8,0,5,Science & Technology,13,0,[],"""imaging camera""",2249,84
7sfThaK0nCs,FLIR ONE - Ñ‚ÐµÐ¿Ð»Ð¾Ð²Ð¸Ð·Ð¾Ñ€ Ð´Ð»Ñ iPhone,ÐžÑ„Ð¸Ñ†Ð¸Ð°Ð»ÑŒÐ½Ñ‹Ð¹ Ð¿Ñ€ÐµÐ´ÑÑ‚Ð°Ð²Ð¸Ñ‚ÐµÐ»ÑŒ Ð² Ð Ð¾ÑÑÐ¸Ð¸: http://tut.ru/FLIR FLIR ONE - Ñ‚ÐµÐ¿Ð»Ð¾Ð²Ð¸Ð·Ð¸Ð¾Ð½Ð½Ñ‹Ð¹ Ñ‡ÐµÑ…Ð¾Ð» Ð½Ð° iPhone 5/5s: http://tut.ru/Thermovision/39456/...,Ð¢Ð•ÐŸÐ›ÐžÐ’Ð˜Ð—ÐžÐ Ð« Ð˜ ÐŸÐ Ð˜Ð¦Ð•Ð›Ð«,2014-01-12T00:42:51.000Z,0,0:00:00,0,0,0,Unknown,16,0,[],"""flir one""",2596,85
eN4pdiNtjBU,Testo 882 Thermal Imaging Camera,http://www.aikencolon.com/testo-882.html Testo 882 Features 33 hz USB video out - Create infrared videos for clients and marketing purposes. Infrared image ...,AC Tool Supply,2012-12-04T20:13:57.000Z,445,0:02:19,0,0,0,Film & Animation,5,1,[],"""thermal imaging"" ""imaging camera""",1045,86
FBOeDrHuwr0,Fluke Infrared Camera Thermography,http://www.netzerotools.com/infrared-ir-camera Fluke Infrared Thermal Imaging Cameras TiS|Ti 10 | Ti 25 | TiR | TiR1 | TiR 2 / 3 / 4 FT | Ti40 | Ti45 FT | Ti50 | Ti55 ...,NetZeroTools,2012-04-30T20:32:03.000Z,271,0:00:58,0,0,0,Science & Technology,13,0,[],"thermography ""imaging camera""",2644,87
IKDjbrx12is,Long Range IR Infrared Laser Illumination Night Vision ZLID  PTZ Camera System,HD Long Range Infrared Camera System for Coastal Surveillance Radar MIL-STD-810F/G IP 67 -50~60Â°C The entire system is designed for the most ...,Long Range Thermal Camera Infrared Surveillance PTZ,2017-01-13T23:20:44.000Z,150,0:00:32,1,0,5,People & Blogs,11,0,[],"infrared ""infrared camera""",2572,88
rnfRBB9dB2o,ZB IR70A 420TVL min 50m night,ZB IR70A 420TVL. ÐœÐ¸Ð½Ð¸Ð¼Ð°Ð»ÑŒÐ½Ð¾Ðµ ÑƒÐ²ÐµÐ»Ð¸Ñ‡ÐµÐ½Ð¸Ðµ. Ð”ÐµÐ½ÑŒ.,Ð¡Ð¸Ð±Ð¸Ñ€ÑÐºÐ°Ñ Ð¡Ð¿ÑƒÑ‚Ð½Ð¸ÐºÐ¾Ð²Ð°Ñ Ð‘Ð°Ð·Ð°,2013-11-17T12:59:32.000Z,57,0:00:28,0,0,0,Entertainment,4,0,[],"infrared ""follow u""",1779,89
aAzxTrouOCI,MilwaukeeÂ® M12â„¢  M12 TI-21C 12v Cordless Redlithium-ionâ„¢ Thermal Imager,"M12â„¢ M12 TI-21C 12v Cordless Redlithium-ionâ„¢ Thermal Imager is faster, more versatile and easier to use than any other tool in its class. The M12 â„¢ Thermal ...",Milwaukee Tool Europe,2012-08-13T12:50:15.000Z,9311,0:01:05,4,1,4.199999809,Howto & Style,7,0,[],"""thermal imager""",2616,90
rJbQHc9UpTI,Does Thermal Paste Brand Matter?,Buy some arctic silver 5 - http://amzn.to/2ckI2FA Â» Shop on Amazon - http://amzn.to/2bVnOEe Â» Support us on Patreon - http://bit.ly/1ZJMsWV Â» Support us on ...,Toasty Bros,2016-09-12T10:00:05.000Z,40900,0:07:32,441,56,4.549295902,People & Blogs,11,176,[],"""thermal paste""",1316,91
kmirYwnfEQw,Thermal Imaging & Emissivity Theory Overview,"Presented by Alan Clark, Level II Thermographer, covering the theory behind infrared temperature measurement and the effects of emissivity on infrared ...",Palmer Wahl Instrumentation Group,2014-07-09T17:49:53.000Z,2171,0:53:55,0,0,5,Unknown,16,1,[],"""infrared thermography""",1847,92
2118O7vocRI,FLIR,FLIR.,Citizen Media for We The People,2010-10-22T17:42:37.000Z,51,0:01:00,0,0,0,Education,3,1,[],"""flir lepton""",58,93
RoR0izkByAI,Night Vision Triangle UFO,http://HumansAreFree.com.,Alexander Light,2011-09-20T13:20:58.000Z,11738,0:01:02,88,0,5,Education,3,29,[],"""night vision""",1009,94
b4M-S2YXG2s,Thermal Problem Solved,"(YTO2 234-132) After removing and cleaning the heat sink & fan, cleaning off the old thermal paste and a fresh application of Arctic Silver 5, the CPU is now ...",Tinfoil Chef,2012-05-20T17:10:07.000Z,135,0:02:06,6,0,5,People & Blogs,11,4,[],"thermography ""thermal paste""",756,95
7qkXqn9Y5i4,Thank u facebook|amaizing video|paresh patil facebook profile|loved it,This video was made by facebook for me and its awesome ..I really loved it ...n I thanks fb for such amaizing video. And I hope you like it :-) â™¡â™¥ ...,Paresh Patil,2017-07-09T07:16:19.000Z,45,0:01:15,12,0,5,People & Blogs,11,1,[],"""u facebook""",2080,96
CsnAiabq4_s,Flir One Personal Thermal Imager at CES 2015,"Amazon VJ Andru Edwards brings you a look at the Flir One Personal Thermal Imager from CES 2015. Flir One connects to Android smartphones, as well as all ...",amazon,2015-06-22T06:52:28.000Z,565,0:04:50,4,0,5,Howto & Style,7,0,[],"""thermal imager""",1235,97
RwXIHRWuvN4,DIY Macro Mode for a Seek Thermal Camera,Adding a macro lens to the seek thermal camera for super-close photography. Also covers practical methods of holding the Iphone stable during use.,electronupdate,2015-01-30T07:26:53.000Z,8715,0:04:42,0,0,4.854545593,Unknown,16,14,[],"""seek thermal""",57,98
2TfT2oRaJGg,Fluke Training - Introduction to Thermal Imaging,This Webinar from Fluke is an in-depth and advanced introduction to the principles and applications of Thermal Imaging.,TestersAndTools,2010-11-02T18:08:40.000Z,1225,0:14:54,3,0,5,Science & Technology,13,0,[],"thermography ""imaging camera""",209,99
ii-MfYi8GaU,Team ParUnormal: Cheap Infrared (IR) Flashlight DIY,Team ParUnormal shows you how you can take an ordinary flashlight and turn it to useable IR light for Night Vision Camera's/Camcorders by simply using film ...,Para-holiX,2013-02-08T22:44:56.000Z,68779,0:08:05,243,31,4.547445297,Science & Technology,13,75,[],"infrared ""night vision""",861,100
HCqk2udhrls,Spy Gear Everyday Missions - Night Vision,Spy Gear available now at www.Target.com !,Spy Gear,2015-03-23T21:05:12.000Z,842294,0:01:36,1554,225,4.49409771,Pets & Animals,12,92,[],"""night vision""",119,101
J-i-uXAYrNQ,Rendering particles in realtime with py-lepton,Demo for http://codeboje.de/Rendering-particles-in-realtime-with-py-lepton/,codeboje,2009-09-25T20:35:58.000Z,1980,0:00:20,2,1,3.666666746,Film & Animation,5,0,[],"lepton ""flir lepton""",783,102
BWgKRnq9sTI,"How To Install a CPU, Apply Thermal Paste And Water Block",Here's a link to my Water Cooled Gaming PC Project 2012: http://www.youtube.com/watch?v=g1o-hssOGbg&list=PL773221B484270240&feature=plcp Hello ...,eyTechs,2012-08-22T21:22:44.000Z,8980,0:05:15,24,19,3.23255825,Science & Technology,13,42,[],"""thermal paste""",827,103
ME_iMtXCZj0,Follow U,"3,4,5th Grade Musical.",bacsbroncos,2014-03-21T21:15:48.000Z,0,0:00:00,0,0,0,Unknown,16,0,[],"""follow u""",1172,104
3mkkgzAwsiY,9 Hz vs  30 Hz Flir Thermal Camera Comparison,Confused about the difference between a 9 Hz camera system and a 30 Hz system? Jon McBride will take you through the ins and outs of the difference ...,RMUSUAV,2017-06-06T21:51:32.000Z,332,0:02:34,8,0,5,Howto & Style,7,0,[],"""flir thermal""",2679,105
peUoSHkqPn4,THE SNAP ON JUNKIE SNAP ON THERMAL IMAGER REVIEW EETH300,"MY REVIEW OF SNAP ON THERMAL IMAGER EETH300 LIKE, COMMENT AND SUBSCRIBE!!! TELL ALL YOUR FRIENDS ABOUT MY CHANNEL! If you would ...",The Snap-On Junkie!!!,2017-03-18T18:46:25.000Z,4698,0:16:00,116,10,4.682539463,Autos & Vehicles,1,80,[],"""thermal imager""",197,106
3ObptdDMhgY,"GTA 5 - Gunrunning DLC Heavy Sniper MkII Scopes (Thermal, Night Vision)",Zoom Scope Advanced Scope Night Vision Scope Thermal Scope Special thanks to BRandon89989 for helping me out. For those of you who Assume My ...,Digital Car Addict,2017-06-22T02:10:25.000Z,43883,0:03:16,633,58,4.664254665,Gaming,6,170,[],"thermal ""night vision""",1476,107
Pv3a1N6sXEY,Follow U musical at Hebron Baptist church 2012,,Amy Lobo,2012-08-06T03:22:32.000Z,674,0:02:39,0,0,0,People & Blogs,11,0,[],"""follow u""",2248,108
tDXLCk6Jxec,How thermal camera works.Abs SCIENTIFIC } WORLD,individual particles of light interacting each other named as photos that how a real camera captures an image .and according to friction the resistance that one ...,Abs SCIENTIFIC } WORLD,2017-05-23T19:41:12.000Z,40,0:02:25,1,0,5,Science & Technology,13,0,[],"""thermal image"" ""imaging camera""",1169,109
Fzfs-45iNvk,"Honey Tree, When Enemy Follow U",Z gÃ³ry dziÄ™ki za Å‚apki w gÃ³rÄ™ i subskrypcje! Im ich wiÄ™cej tym wiÄ™cej nowych filmÃ³w! ;) Muzyka: Uplink & Jason Gewalt - Euphoria ...,Krelon,2017-03-26T18:37:53.000Z,95,0:03:15,9,4,3.769230843,Gaming,6,6,[],"""follow u""",1144,110
uf4bQGz2Id4,"Enhanced Night Vision Goggle (ENVG), AN/PSQ-20","Find out more about the Enhanced Night Vision Goggle (ENVG), AN/PSQ-20 at http://1.usa.gov/Hc8JKd. The ENVG combines night-vision with thermal ...",PEO Soldier,2013-11-08T19:35:10.000Z,42430,0:02:14,185,5,4.894736767,Science & Technology,13,15,[],"""thermal camera"" ""night vision""",1026,111
vdgw_oA_sV0,FLIR ONE  electrical control multistory building,FLIR ONE electrical control multistory building ÐµÐ»ÐµÐºÑ‚Ñ€Ð¾Ñ‰Ð¸Ñ‚Ð¾Ðº Ð±Ð°Ð³Ð°Ñ‚Ð¾Ð¿Ð¾Ð²ÐµÑ€Ñ…Ð¾Ð²Ð¾Ð³Ð¾ Ð±ÑƒÐ´Ð¸Ð½ÐºÑƒ.,Ily dey,2017-01-19T20:16:07.000Z,51,0:00:38,0,0,0,Science & Technology,13,0,[],"lepton ""flir one""",1387,112
r5veMDGCJGA,Lion Caught on Infrared Camera,"A lion reclaims his kill under cover of darkness. Please LIKE and SUBSCRIBE if you enjoyed! http://bit.ly/1Adl6ht **More info & videos below** ""India's ...",Nature on PBS,2016-03-29T17:30:46.000Z,2682,0:02:47,32,1,4.878787994,Pets & Animals,12,1,[],"""infrared camera""",381,113
O-RSVkGQf0Q,Kemetic Just presents Just One -  I Will Follow U (Justin's Subaquatic Dub) [Neroli],Kemetic Just present Just One - I Will Follow U Label: Neroli - NERO032 Date: 2016 FOR PROMOTIONAL USE ONLY PLEASE SUPPORT AND BUY THE ...,Chineurs De House,2016-09-21T13:12:25.000Z,1054,0:07:33,21,2,4.652173996,Music,8,1,[],"""follow u""",299,114
Pxkoah4FMfo,Channel U Facebook Friends Event (Liese),Log on to http://www.facebook.com/channelu for details on how to take part!,Mediacorp Channel U,2012-07-10T01:51:28.000Z,669,0:00:31,1,0,5,Entertainment,4,0,[],"""u facebook""",2489,115
KwxOvpe_HLY,Kako nekome provaliti u facebook,,VidaaGaming,2014-03-31T19:35:05.000Z,6460,0:01:16,53,33,3.465116262,People & Blogs,11,17,[],"""u facebook""",1874,116
g9Us2Rmoddo,FLIR C2  Stealthy Box Turtle Low signature  GCBT009,Timid Box Turtle almost invisible to Flir C2 thermal imaging camera vleCold vid00118.,3beltwesty,2015-05-12T23:25:49.000Z,352,0:01:01,1,0,5,Education,3,0,[],"""thermal imaging"" ""flir lepton""",1733,117
x_l5N1Ul6iQ,Infrared video of marine obstacles (UBC Sailbot),"http://www.ubcsailbot.org UBC Sailbot is building a fully autonomous sailboat that will be the first to successfully cross the Atlantic Ocean. Last February, we ...",Paul Cernek,2015-05-03T17:30:23.000Z,74,0:00:44,0,0,0,Science & Technology,13,0,[],"""flir lepton""",136,118
mukUInQ34J4,"How to replace thermal paste and thermal pads on iMac 21.5"" Late 2009 ATI Radeon HD 4670",You can find this set in our e-shop here http://www.computer-systems.gr/el/content/product/k5-pro-k4-pro-%CF%83%CE%B5%CF%84 on ebay here ...,ComputerSystemsGR,2015-12-17T09:04:58.000Z,7428,0:04:09,15,18,2.818181753,Science & Technology,13,17,[],"""thermal paste""",2286,119
ekLYwHTZwGw,Apply New Thermal Paste to a Toshiba laptop,,Simos805,2016-05-30T17:18:45.000Z,1128,0:06:43,8,3,3.909090996,Science & Technology,13,3,[],"""thermal paste""",942,120
qny1DP01C5s,I'll Follow U - Terror Danjah x Olivia Louise,Kicking off the first release on R&G is Olivia Louise. She's a singer/songwriter from Chester. She first came on the scene singing for the North West MC collective ...,R&G TheLabel,2017-05-19T18:37:20.000Z,1406,0:03:42,34,2,4.777777672,Entertainment,4,2,[],"""follow u""",48,121
1hwmDIfd_Ao,Flir T620bx Blended Picture in Picture Infrared Thermography,http://www.netzerotools.com/flir-t620bx-thermal-imaging-infrared-camera The Flir T620bx features Picture in Picture & Thermal Fusion - Blend visible and ...,NetZeroTools,2012-04-18T15:17:58.000Z,21,0:00:26,0,0,0,Science & Technology,13,0,[],"""infrared thermography""",944,122
nmQIrl6UaEQ,PS4 LÃ¼fter / GehÃ¤use Mod + WÃ¤rmeleitpaste erneuern Tutorial Teil 4 (Update),"Hier seht Ihr wie Ihr eure PS4 kÃ¼hler und leiser macht. Durch die im Video gezeigten Schritte seht ihr eine andere Variante der GehÃ¤usemod, die wesentlich ...",TimeforGameplay,2017-02-19T12:03:05.000Z,8480,0:04:45,66,5,4.718309879,Gaming,6,51,[],"""thermal image"" ""thermal paste""",2309,123
_65VHYf366M,Seek thermal XR infrared camera extended range - Unboxing and Unpacking,Unpacking of the Seek XR infrared camera for iPhone. For more information about infrared cameras visit: http://waermebildkamera-test.de.,WÃ¤rmebildkamera Test,2015-11-20T13:09:28.000Z,2283,0:01:12,1,1,3,Science & Technology,13,0,[],"""infrared camera""",1725,124
u5yEnd2pwEI,FLIR Thermal Image at Tuberculosis Sanatorium,,arpastTV,2009-10-23T03:05:42.000Z,2286,0:04:29,3,0,5,Science & Technology,13,1,[],"""thermal image"" ""flir thermal""",2655,125
47Waj28U7rY,I See U - Facebook Hidden Photos - Chrome Extension,With this extension you can see photos of any facebook users without being friend.,Cofile SL,2017-01-05T18:47:37.000Z,566,0:00:57,1,1,3,People & Blogs,11,1,[],"""u facebook""",2599,126
BRL4DPeU-fQ,Bauer BGA IR PRO SCC V4 Rework station,,TechnoService,2012-09-21T22:47:05.000Z,2005,0:00:38,4,3,3.285714388,Science & Technology,13,0,[],"infrared ""thermal paste""",786,127
DnP8SAPnFF4,Thermal microscope flir infrared camera,FLIR ThermaCam Thermal Infrared Microscope imaging video. Very rare microscopic imaging with a thermal infrared camera. This is the ultracam ThermaCam ...,rankol1,2011-06-21T23:51:39.000Z,2254,0:01:08,4,0,5,Science & Technology,13,5,[],"thermography ""infrared camera""",1438,128
ZaDHRQlPXpc,cÃ¡ch Ä‘á»•i máº­t kháº©u facebook trÃªn Ä‘iá»‡n thoáº¡i,cÃ¡ch Ä‘á»•i máº­t kháº©u facebook trÃªn Ä‘iá»‡n thoáº¡i cÃ¡ch Ä‘á»•i máº­t kháº©u facebook trÃªn Ä‘iá»‡n thoáº¡i cÃ¡ch Ä‘á»•i máº­t kháº©u facebook trÃªn Ä‘iá»‡n thoáº¡i.,kenh tong hop Zero,2016-05-16T01:29:31.000Z,79440,0:01:29,264,64,4.219511986,Gaming,6,23,[],"""u facebook""",2389,129
8c7vrLop3Mk,COFDM PTZ camera night vision thermal imaging FLIR military long range telemetry C4ISR,"ICCD intensified night vision color mono camera for situational awareness at long range standoff distances, my bad for the shaky video; the optics on the I2 ...",hms311,2011-08-26T09:23:30.000Z,1285,0:03:23,0,0,0,Science & Technology,13,0,[],"""thermal imaging"" ""night vision""",2671,130
rmkfsM7cNa0,FLIR TG165 Infrared Imaging Camera / Thermometer - Unboxing and Test,Read More: https://thermal-review.com The FLIR TG165 is a infrared thermometer with an integrated thermal camera. In this video we show was is included in ...,WÃ¤rmebildkamera Test,2016-11-22T12:18:24.000Z,782,0:08:26,4,0,5,Science & Technology,13,0,[],"infrared ""imaging camera""",322,131
h09f8JlT5N8,MAKE UP FOR EVER HD Demo for Channel U Facebook fans @ Sephora ION,,MAKE UP FOR EVER Singapore,2012-09-14T07:36:28.000Z,129,0:01:05,0,0,0,People & Blogs,11,0,[],"""u facebook""",2561,132
fv6l_tZyBH4,FLIR C2 Introduction Video - Pocket Size Thermal Imager,Introducing the FLIR C2 Pocket Portable Thermal Imaging Camera with MSX Available at: ...,TEquipment.NET,2015-02-20T15:05:55.000Z,2039,0:01:31,2,0,5,Science & Technology,13,0,[],"""thermal imager""",2378,133
JnRC033tPXE,Official IR 3000 Tutorial - Install and Remove BGA and SMC,"""The IR 3000 offers advanced surface mount rework capability in an integrated, cost-effective, bench-top work station."" This video covers the basic processes of ...",paceworldwide,2014-01-20T20:17:44.000Z,5231,0:09:00,20,0,5,Education,3,5,[],"infrared ""thermal paste""",1486,134
PjLgQLKoVPs,Graphene vs Arctic silver 5 thermal paste,in this video I test out the grapheme thermal paste against arctic silver 5 thermal paste update I switched back to arctic silver 5 in this vid ...,bam6972,2013-05-11T05:33:30.000Z,3844,0:09:01,10,3,4.076922894,Science & Technology,13,9,[],"thermal ""thermal paste""",686,135
wHeVjnsqFhk,à¸£à¸µà¸§à¸´à¸§ night vision goggles à¸ˆà¸²à¸ chilindo,à¸Šà¹ˆà¸§à¸¢à¸à¸±à¸™à¸à¸” like à¹€à¹€à¸¥à¸°subscribe à¸”à¹‰à¸§à¸¢à¸™à¸°à¸„à¸£à¸±à¸š.,louis luiser,2016-09-16T17:08:23.000Z,40731,0:02:06,108,10,4.661016941,People & Blogs,11,26,[],"""night vision""",1466,136
o5fj3fJTaCY,Like and leav a come in I will follow u of u have musically please,Check out this musical.ly: inspired by @mostwanted._niyaa.,Zariahya Hines,2017-07-31T15:49:01.000Z,3,0:00:06,0,0,0,People & Blogs,11,0,[],"""follow u""",2107,137
KSdIgBzMzXQ,The Order: 1886 - PS4 Walkthrough / Gameplay / 1080p - PART 6 Chapter 5 Agamemnon Rising,The Order: 1886 - PS4 Walkthrough / Gameplay / 1080p - PART 6 Chapter 5 Agamemnon Rising Is this game good?What about play time?Worth to buy?,John GodGames,2015-03-11T15:20:11.000Z,593,0:55:53,2,0,5,Gaming,6,1,[],"""thermal imaging"" ""thermal paste""",2001,138
MFbZ1M1oy9w,como hacer u facebook,sirve para todos los que vean este video.,kevin tobias,2013-11-06T21:52:39.000Z,6,0:00:52,1,0,5,People & Blogs,11,0,[],"""u facebook""",2306,139
mp5eZ9YfP6E,Night Vision - Part 1,"NOTE: for the absolute best viewing results, watch video in high resolution 1080p. Night Vision - Part 2: https://www.youtube.com/watch?v=XymNeR2aObg This ...",AnalyticalSurvival,2016-04-22T06:07:54.000Z,8910,0:09:16,314,4,4.949685574,Education,3,166,[],"""thermal image"" ""night vision""",907,140
U03WeAiiCgo,Thermal effect of current flow,Interesting effect of thermal emission on the electronic elements after power on and off (after 25 seconds).,Piksar6666,2016-01-12T18:54:37.000Z,204,0:01:19,0,0,0,Science & Technology,13,0,[],"""thermal camera"" ""thermal paste""",2056,141
TDwQLyobml4,MacBook Pro Idle After Heatsink Lapping And Arctic Silver 5 (1 month update),1 Month Update on my Macbook Pro after heatsink lapping + Arctic Silver 5. Idle temps with very little running ~90F (32C),uberDoward,2013-05-25T08:38:34.000Z,5793,0:01:00,3,7,2.200000048,Howto & Style,7,36,[],"infrared ""thermal paste""",895,142
rR2uqdpUYnY,"Semi automatic BGA Rework Station WDS-650 for QPN POP LAPTOP repair With CCD Vision,Optical Lens","Shenzhen Wisdomshow Technology Co., Ltd specializes in BGA Rework Station for nearly five years and enjoy high reputation in the worldwide market.",BGA Machine Factory WDS,2015-07-01T14:47:37.000Z,906,0:02:36,1,0,5,Science & Technology,13,2,[],"infrared ""thermal paste""",2390,143
TceIHYjcm3Y,"Hackintosh: Updating to OS X 10.9.2 + Tips, How to (#21)",Hackintosh Series:: http://www.youtube.com/playlist?list=PL50DC4C5A8CA947CA - Follow me on Twitter:: http://www.twitter.com/insanely_great I wanted to get ...,Mike Flaminio,2014-03-05T01:34:25.000Z,5783,0:06:25,45,1,4.913043499,Science & Technology,13,8,[],"""thermal camera"" ""thermal paste""",2013,144
7hSffUChSSI,TBS Discovery with Thermal Camera,TBS Discovery with Thermal Camera Flytron.,s3299,2015-04-19T09:02:57.000Z,129,0:01:05,2,0,5,Science & Technology,13,1,[],"lepton ""seek thermal""",1122,145
SqIUwid0H2g,Dahua Thermal camera PT8620B - Moon,Zoom on Moon using thermal module from Dahua PT8620B. Thermal lens 30-150mm (5x zoom),CCTVnerd,2017-02-13T13:34:07.000Z,460,0:00:30,6,0,5,Science & Technology,13,0,[],"lepton ""infrared camera""",2648,146
9IQtkTqD-yc,Driving with Gen 3 Night Vision Goggles and Infrared Lights,"Testing out the new Ultimate Night Vision 940nm Infrared Driving Lights. These lights cannot be seen with the naked eye, however they provide plenty of ...",Ultimate Night Vision,2016-11-08T22:13:01.000Z,10366,0:01:00,69,9,4.538461685,Sports,14,5,[],"""night vision""",231,147
JJD3v5HDRqw,FLIR Infrared Thermography for Veterinary,"The FLIR B-Series of portable thermal imaging cameras takes ergonomics, weight and ease-of-use to a new level. Usability is key: our engineers have ...",airconcern,2012-03-23T16:49:00.000Z,981,0:03:17,4,0,5,Autos & Vehicles,1,0,[],"""infrared thermography""",2336,148
yEVHJAMTnWY,Xhero - Follow U  [ELECTRO-HOUSE],Xhero - Follow U (Harmoony Official Anthem) Social Media: Fb: www.facebook.com/XheroDJ Soundcloud: www.soundcloud.com/xherofficial Instagram: ...,Funky Orange Production,2015-12-29T12:45:00.000Z,2022,0:05:07,21,0,5,Music,8,1,[],"""follow u""",1056,149
NViLhzhS7DY,Is Upgraded Thermal Paste Worth It?,We change out the stock thermal to see if upgraded paste is worth it.,Tech Crazy,2016-02-12T22:00:00.000Z,848,0:02:15,9,7,3.25,Science & Technology,13,4,[],"""thermal paste""",891,150
JnXWOq6ar2o,PS4 cuh-1200 overview and sound test,This is a sound test and overview of the PS4 cuh-1200.,Ground does minecraft,2017-06-23T03:32:01.000Z,17,0:01:16,0,0,0,People & Blogs,11,6,[],"""thermal image"" ""thermal paste""",2003,151
W0mstEfF590,Arma 3 King of the Hill: Prayer The Most Badass Moment Ever! (A Prayer Before Drop Into the LZ),People In The Video: TheCrazyGunner: https://www.youtube.com/user/crazycoolkiller Server: http://hostiletakeover.co/ PC Specs: - [CPU]: i7 7700k - [CPU Fan]: ...,AC-130,2017-06-21T07:56:26.000Z,23,0:01:32,0,0,0,Gaming,6,0,[],"infrared ""thermal paste""",204,152
oEXoy-oD6gw,PARATECHUK EE 4GEE NIGHT VISION ACTION CAM WITH INFRARED HEAD MOUNT APRIL 2016,Paratech UK`s Infrared Head Torch. A custom order built to accommodate an EE 4GEE Action Cam a customer bought from me a few weeks ago. This unit is ...,glen smith,2016-04-12T00:59:27.000Z,233,0:03:58,1,0,5,Entertainment,4,0,[],"infrared ""night vision""",2419,153
Ft6x_X_Cqk4,Raspberry Pi : PiRelay App - Home Automation Example,"Visit http://bit.ly/pirelay for details of the app and how to get your Raspberry Pi to switch relays. An example of the PiRelay Pro app in action controlling 2 devices, ...",Jason Findlay,2015-02-15T20:42:53.000Z,4913,0:00:40,3,0,5,People & Blogs,11,2,[],"""thermal image"" ""thermal paste""",142,154
xq0Qf2WReNw,IR View of Coffee Pot,This is a time lapse in infrared showing the brewing of a pot of coffee. The video was created with the FLIR One on the iPhone.,Rhett Allain,2014-08-16T19:47:10.000Z,20607,0:00:15,17,0,5,Comedy,2,0,[],"infrared ""flir one""",1926,155
fBgEXVQr7PM,Boson 320,,Smart Drones,2017-04-28T13:19:23.000Z,85,0:03:54,1,0,5,People & Blogs,11,0,[],"lepton ""flir thermal""",1881,156
HLSEJ-hLkcc,Intense Nightvision Firefight Compilation | U.S. Military Afghanistan / Iraq | Combat Footage,A Compilation of Nightvision Firefights filmed by U.S. Forces! âž” Visit RECON COMPANY: https://www.recon-company.com âž”My German GAMING Channel: ...,MilitaryCorner,2017-02-04T21:05:25.000Z,61625,0:07:23,848,25,4.885452271,Entertainment,4,127,[],"""night vision""",654,157
r_kWms1zWbU,FLIR IR videos and Images,FLIR IR Videos.,Dennis McCabe,2013-03-07T02:55:08.000Z,81,0:11:43,0,0,0,Science & Technology,13,2,[],"thermography ""flir lepton""",1989,158
hBzQGYIQPXY,Seek Thermal Compact Pro (Ð¼Ð¸Ð½Ð¸ Ñ‚ÐµÐ¿Ð»Ð¾Ð²Ð¸Ð·Ð¾Ñ€),"seek termal pro ÐºÐ°Ñ€Ð¼Ð°Ð½Ð½Ñ‹Ð¹ Ñ‚ÐµÐ¿Ð»Ð¾Ð²Ð¸Ð·Ð¾Ñ€. Ð”Ð°Ð»ÑŒÐ½Ð¾ÑÑ‚ÑŒ Ð¾Ð±Ð½Ð°Ñ€ÑƒÐ¶ÐµÐ½Ð¸Ñ Ð¾Ð±ÑŠÐµÐºÑ‚Ð° Ð¸Ð·Ð»ÑƒÑ‡Ð°ÑŽÑ‰ÐµÐ³Ð¾ Ñ‚ÐµÐ¿Ð»Ð¾ Ñ€Ð°Ð·Ð¼ÐµÑ€Ð¾Ð¼ Ñ Ñ‡ÐµÐ»Ð¾Ð²ÐµÐºÐ° 550Ð¼,...",ÐœÐ¸Ñ…Ð° ÐœÐ¸Ñ…Ð°Ð»Ñ‹Ñ‡,2016-12-06T02:00:03.000Z,6852,0:07:21,50,2,4.846153736,Entertainment,4,16,[],"""seek thermal""",162,159
tqfHfSMOzDg,Filr's AX8 Thermal Imaging Camera,"Flir demonstrates their AX8 Thermal Camera, at Automate show 2015. This powerful POE (power over ethernet) device is capable of reading temperatures up to ...",Phase 1 Vision,2015-04-16T18:21:14.000Z,489,0:01:00,0,0,0,Education,3,0,[],"""thermal camera"" ""flir lepton""",2262,160
Oofglsk7hVY,Mercedes-Benz E-Class 2009 | Night Vision Technology | Performance | Drive.com.au,"Driving the Stelvio Pass - at night, with no headlights! We drive a Mercedes-Benz E-Class up Italy's world famous stretch of twisting bitumen - using Night Vision ...",Drive.com.au,2012-05-30T04:38:06.000Z,23226,0:04:42,40,4,4.636363506,Autos & Vehicles,1,0,[],"""night vision""",858,161
drMrqoJKFsw,2econd Class Citizen. Follow U Featuring Graciellita (OFFICIAL VIDEO),My first music video attempt and its one of my songs! Film crew: Nadine Niederhausen - actress Rainer Frick - Camera man 1 Dominik Mayer - Camera man 2 ...,Aaron Thomason,2015-06-09T17:34:57.000Z,1601,0:03:23,28,1,4.86206913,Music,8,6,[],"""follow u""",1225,162
wZcJyhZuBSQ,Processor on circuit board heating up,"Thermal infrared image of a processor on circuit board heating up We are located in central Texas and serve Austin, Houston and San Antonio or just about ...",Advanced Infrared,2013-11-01T19:05:54.000Z,439,0:01:03,5,0,5,Science & Technology,13,3,[],"thermography ""thermal paste""",1293,163
5S5k-72HuKU,Fluke Ti40FT FlexCam IR Thermal Imager Ti40,http://www.aaatesters.com/Fluke_IR_Thermal_Imagers-Fluke_Ti40FT_FlexCam_IR_Thermal_Imager_Ti40.html The Fluke Ti4x models feature everything ...,AAATesters.com,2014-04-19T10:20:54.000Z,245,0:00:49,0,0,0,Film & Animation,5,0,[],"thermography ""thermal imager""",1028,164
_VgVQ84fWec,tecnica para buscar corto en celulares y tablet con cÃ¡mara tÃ©rmica FLIR ONE ejemplo interesante,aprende a reparar celulares y tables gratis en nuestro canal suscribete y comparte nuestro material facebook ...,carlos quiceno,2016-11-01T06:26:16.000Z,203118,0:22:14,0,0,4.9078269,Unknown,16,273,[],"""flir one""",2813,165
Hke44B8VfGg,Mouse Can't Hide from Infrared Camera!,"Haha! Nice try, Mickey! That type of bag is transparent to infrared light, and with my thermographic camera, I got you in my sights!",James Lincoln,2014-03-01T22:55:51.000Z,2274,0:01:10,4,0,5,Education,3,0,[],"thermography ""infrared camera""",1164,166
5Bye7ck-9iY,Ps4 pro silent with liquid metal grizzly,,McE McErono,2016-11-16T12:19:10.000Z,283,0:00:30,3,1,4,Gaming,6,2,[],"""thermal image"" ""thermal paste""",2586,167
ANUIUe-Y2Wo,How to Modify Cheap Digital Camera to View in Infrared Spectrum,You can modify an inexpensive digital camera by removing the IR blocking filter from the lens element. This modification is useful for viewing infrared actions that ...,GuruBrew2,2015-08-05T18:13:30.000Z,7225,0:13:44,26,6,4.25,Science & Technology,13,2,[],"""thermal camera"" ""infrared camera""",1382,168
IHIB4f90K3I,TI450 Multisharp Focus,Get Your TI450 Here: www.testequipmentdepot.com/fluke/thermal/professional/60-hz-320-x-240-thermal-imaging-camera-ti450-60hz.htm.,Test Equipment Depot,2016-05-06T18:31:45.000Z,50,0:01:29,0,0,0,Science & Technology,13,0,[],"lepton ""infrared thermography""",1434,169
8I-WuX2dZVU,12 MP Imaging Performance & Flir Thermal Camera Cores - Vision 2016 Part 3,In part 3 of our Vision coverage we talk about low light camera sensitivity and how to make better buying decisions with our EMVA1288 test results. We also talk ...,FLIR Integrated Imaging Solutions,2016-11-10T16:53:50.000Z,849,0:02:29,5,0,5,Science & Technology,13,0,[],"""thermal camera"" ""flir thermal""",1898,170
LWR3SS9RiFs,Belly Dance with Thermal Imaging,http://www.thermalvideo.com.,thermalvideo,2013-03-15T14:31:43.000Z,928,0:02:00,1,0,5,Science & Technology,13,1,[],"""thermal image"" ""seek thermal""",460,171
ISUCp5_8JgY,Thermal Imaging Drone Captures Bigfoot,UAV with Thermal Camera captures bigfoot in brush then running down remote mountain road.,RMUSUAV,2016-05-17T21:37:54.000Z,4483,0:00:22,3,19,1.545454502,Science & Technology,13,14,[],"""thermal image"" ""thermal imager""",2084,172
6s3V1sGGTPM,Long Review - BlackVue DR650S-2CH with Night-vision,Purchase this cam here: http://amzn.to/2dBOMwv Unboxing Video: https://www.youtube.com/watch?v=xw2GjFXvA0c Short Review Video: ...,Uber Man,2016-10-24T05:18:38.000Z,8836,0:24:32,83,3,4.86046505,Travel & Events,15,53,[],"""night vision""",2079,173
7z8Ml_XO1dQ,FUTURE - Night Vision Pt. 2,,Freebandz Films,2017-02-17T00:37:50.000Z,65444,0:00:48,761,26,4.867852688,Music,8,156,[],"""night vision""",685,174
wRFgAlfXxSE,Facebook NasÄ±l Ã‡alÄ±nÄ±r Kolay 2017,"+20 Like Yeni Video.. ----------------------------------- becky g facebook live, behzat Ã§ facebook, bnat l'facebook, bryan b facebook, c walk facebook, c'est quoi ...",Turgut Official,2017-07-20T18:27:16.000Z,754,0:01:36,25,13,3.631578922,People & Blogs,11,45,[],"""u facebook""",796,175
sjEus6qhMTU,KAKO PROVALITI NEKOM U FACEBOOK RADI 100% 2015,Subscribe na kanal ako vam je ovo pomoglo :D Facebook stranica: ...,CroTuT,2015-03-12T21:20:59.000Z,699,0:01:03,2,1,3.666666746,People & Blogs,11,0,[],"""u facebook""",2035,176
XmYN-jOtLfs,Live Fire Training 4-14-13,Live Fire Training at Clatsop Community College's MERTS Campus in the Fire Response and Research Center on 4-14-13. Taken with the Argus Mi-TIC.,Kurt Donaldson,2013-04-14T18:59:03.000Z,133,0:06:46,0,0,0,Education,3,0,[],"""thermal imaging"" ""thermal paste""",773,177
Iv4Ave2nCt8,Fluke Ti10 9Hz Infrared Thermal Imager IR,http://www.aaatesters.com/Fluke_IR_Thermal_Imagers-Fluke_Ti10_9Hz_Infrared_Thermal_Imager_IR_New.html Fluke Ti10 Infrared Thermal Imager Optimized ...,AAATesters.com,2014-04-09T09:17:50.000Z,182,0:00:49,0,2,1,Film & Animation,5,0,[],"infrared ""thermal imager""",2077,178
fnQuhg5r5Ns,FLIR LS Series Thermal Imager for Law Enforcement,Night Vision Thermal Imaging.,Ti Thermal Imaging,2013-06-12T11:48:18.000Z,108,0:01:18,1,0,5,Science & Technology,13,0,[],"""thermal imaging"" ""thermal imager""",2322,179
gmMO51k_YnY,Fluke Ti40FT FlexCam IR Thermal Imager Ti40,http://www.aaatesters.com/Fluke_IR_Thermal_Imagers-Fluke_Ti40FT_FlexCam_IR_Thermal_Imager_Ti40.html Fluke Ti40FT FlexCam IR Thermal Imager Ti40 ...,AAATesters Test Equipment,2017-02-11T10:48:52.000Z,9,0:00:49,0,0,0,Unknown,16,0,[],"infrared ""thermal imager""",2611,180
qYYPF3HuD74,Night Vision Goggles Test of Runcam Night Eagle FPV Camera + DVR,Want more information on building Night Vision Goggles? Download a FREE War Parts List & Report HERE: ...,Superhero Armory,2017-01-21T21:48:44.000Z,19179,0:07:34,565,8,4.944153786,Science & Technology,13,205,[],"""night vision""",2588,181
Edxyhp27FMY,Using Infrared Thermography,Using the latest tools to save money.,centraltexasinfrared,2011-01-30T06:09:55.000Z,6,0:00:35,0,0,0,Entertainment,4,0,[],"""infrared thermography""",1884,182
tCUpry4M-cY,Fixing XBox 360 RROD E74 0102 Video Replaced X-Clamps Thermal Paste Compound,"E74 X-Box 360 RROD fix Video (Sound with no Video) Replaced X-Clamps Thermal Paste Compound. Had to bake it though... Any questions, just ask.",TheUnixCube,2010-03-26T02:00:51.000Z,17742,0:00:48,3,17,1.600000024,Gaming,6,6,[],"infrared ""thermal paste""",319,183
g6z46OhU-Gc,Flir E5 Thermal Imager with Multi Spectral Dynamic Imaging,http://www.aikencolon.com/flir-e5-infrared-camera-thermography Flir E5 Infrared Camera Thermal Imager MSX Enhancement 120 x 90 9Hz The Flir E5 features ...,AC Tool Supply,2013-10-04T16:48:35.000Z,3128,0:01:52,4,0,5,Science & Technology,13,0,[],"""thermal imager""",1961,184
38_OVasgseU,Bigfoot Caught on Seek Thermal-Kettle Moraine Breakdown,Original Footage: https://www.youtube.com/watch?v=-I2yU6oCxtw Like us on Facebook: https://www.facebook.com/theparanormalreviews For business inquiry's ...,The Paranormal Review,2016-05-13T15:12:24.000Z,5802,0:04:10,22,24,2.913043499,Education,3,12,[],"""thermal image"" ""seek thermal""",304,185
pwdhL8kp77Q,flir thermal infrared imaging night vision camera,This video demonstrates the amazing capabilities of LWIR FLIR thermal Infrared imaging cameras capabilities of seeing through smoke. www.ir55.com.,hms311,2008-08-06T05:57:46.000Z,1022,0:00:54,0,0,0,Entertainment,4,0,[],"infrared ""flir thermal""",2723,186
ldqRiGYD1QE,See at Night with FLIR's PathFindIR II Driver Vision Enhancement System,"PathFindIR II is a powerful thermal night vision system that lets you see road hazards clearly in total darkness, detecting and alerting you to nearby vehicles, ...",FLIR Systems,2015-08-13T16:55:57.000Z,7827,0:01:23,25,0,5,Science & Technology,13,1,[],"thermography ""night vision""",2032,187
jxvh2ipr9Gw,How to make thermal scope emblem on black ops,,HyperionGaming101,2012-01-25T00:12:42.000Z,176,0:01:36,0,1,1,Gaming,6,1,[],"""thermal camera"" ""thermal paste""",2095,188
jvaUe8_LP2I,PS4 changing thermal paste CUH-1006A full teardown ãƒ—ãƒ¬ã‚¤ã‚¹ãƒ†ãƒ¼ã‚·ãƒ§ãƒ³,SAA-001 motherboard first generation PS4 model https://www.facebook.com/markphil.laplano.,playstation2bigs,2017-03-04T07:13:59.000Z,209,0:17:33,4,1,4.199999809,Gaming,6,4,[],"""thermal image"" ""thermal paste""",1162,189
qKs6__AX-cE,Infrared Night Vision IR illuminator group test : Pulsar X850 IR vs Nightmaster NM400IR,Choosing the correct IR illuminator is troublesome so at Scott Country we pitch the two latest entry level IR illuminators against each other to find out which is ...,scottcountry,2013-10-28T16:12:47.000Z,16852,0:06:50,18,1,4.789473534,Science & Technology,13,1,[],"infrared ""night vision""",2270,190
xb3cHWz1eK4,Long Range Infrared Security Camera - The IR 660 by Rugged Cams,The IR660 is a WDR Long Range Security Camera with night vision and a 6-60mm Telephoto Lens. The IR660 can illuminate an area as far away as 150 feet.,Rugged Cams,2013-06-12T20:01:48.000Z,11661,0:02:25,8,2,4.199999809,Science & Technology,13,2,[],"""thermal camera"" ""night vision""",423,191
jiPGTSTCREY,Seek Thermal camera teardown part 2,A look at the sensor die and PCB of the Seek Thermal camera. Part 1 ...,mikeselectricstuff,2015-01-28T14:52:06.000Z,22178,0:16:30,656,7,4.957767487,Science & Technology,13,65,[],"""seek thermal""",1920,192
L1pS_cQb2CI,WOW! Urban CLOSE AIR SUPPORT! Superb NIGHT VISION of Venom attack helicopter's TRACER FIRE!,"Wow! Urban close air support! Superb night vision of a Venom attack helicopter's tracer fire! (Please note, as always, that this video includes educational training ...",Ultimate Military Channel,2017-04-10T20:04:03.000Z,838432,0:05:13,4291,555,4.541890144,Science & Technology,13,593,[],"""night vision""",2733,193
3FAPbGjTrnM,Ftb Ultimate Ep. 007 ITA Pump  Geotermal  e Mfe,Benvenuti nel mio canale dove faccio guide tutorial let's play di giochi per Ps3 o pc. Grazie a quelli che mi seguono :) ISCRIVETEVI AL CANALE E ALLA FAN ...,michele93a,2014-07-06T16:18:52.000Z,15,0:38:04,2,0,5,Gaming,6,0,[],"thermal ""u facebook""",1401,194
h8PyGk3OvqM,Arctic Silver 5 Anti-Static Kit - 3 5 Grams Review,In this video I show you the Arctic Silver 5 (Anti-Static Kit) - 3.5 Grams with ArctiClean 60 ML Combo Kit. For more details please visit: http://po.st/CsCKpO Thank ...,Sanna Pusa,2017-02-26T23:40:35.000Z,0,0:00:00,0,0,0,Unknown,16,0,[],"""thermal camera"" ""thermal paste""",2128,195
wgesxFQkcWo,"hope-wish night vision IR laser dome,home surveillance infrared illuminator","Hope-Wish professional manufacture for long range PTZ night vision ir laser and infrared thermal camera, most supply for border defense,city safety,industry and ...",Hope-Wish thermal camera,2016-09-19T12:15:10.000Z,226,0:01:31,1,0,5,Science & Technology,13,0,[],"infrared ""night vision""",628,196
fKynY76lLvU,FLIR C2 Teaser Video - Pocket Sized Thermal Imager,Introducing the FLIR C2 Pocket Portable Thermal Imaging Camera with MSX Available at: ...,TEquipment.NET,2015-02-20T15:20:33.000Z,516,0:00:30,2,0,5,Science & Technology,13,0,[],"""thermal imager""",998,197
p5W7I0zIYkU,Thermal Camera Test 4: A new lens,"In this video, we look at the extremely hard to find replacement window for the L3/Cadillac Thermal camera. The kit arrived today and we installed it and did a ...",fdmjiv,2012-12-11T00:16:08.000Z,2350,0:08:12,6,1,4.428571224,Autos & Vehicles,1,2,[],"thermography ""night vision""",1899,198
IoH-GBsXVVQ,T.C.P.S. New Seek Thermal Camera,Visit www.TCPSteam.com for more information. The T.C.P.S. Team obtains its newest equipment added to its already long list of items - The Seek Thermal ...,T CPSHunters,2014-11-08T13:23:40.000Z,367,0:00:21,4,1,4.199999809,Nonprofits & Activism,10,1,[],"""thermal camera"" ""seek thermal""",1677,199
EjZyy5v1SWM,Home Made Thermal Paste With Things You Can Find At Home,Thanks 4 watching.Please subscribe and like.,AS GAMÄ°NG AND SOFTWARE,2015-04-18T21:24:32.000Z,2034,0:00:30,7,9,2.75,People & Blogs,11,0,[],"""thermal camera"" ""thermal paste""",1374,200
