VideoID,Title,Description,Author,Published,ViewCount,Duration,Likes,Dislikes,Rating,Category,CategoryNumber,CommentCount,Comments,Query Term,LabeledOrder,TaskOrder
LNmrGjZh-V0,DBTS: Death By Thermal Scope Linked to Rising Mortality Rates For Feral Hogs,The Armasight Zeus 336 and 640 thermal scopes have been responsible for the deaths of thousands of feral hogs in the last few years. Recent trends indicate ...,Ultimate Night Vision,2016-09-27T22:02:21.000Z,435198,0:04:00,740,240,4.020408154,Sports,14,136,[],"""thermal imaging"" ""night vision""",1802,1
5CC1Fz4dWO8,Infrared Thermography by IllinoisIR for the Greater Chicago Area Construction Industry,,IllinoisIR,2011-11-14T16:10:52.000Z,5,0:00:36,0,0,0,Science & Technology,13,0,[],"""infrared thermography""",2019,2
92zXcncGJBY,FLIR One Second Generation W/Hot,Testing the FLIR One for iOS in my yard at night.,Redshift1360,2016-05-11T17:20:04.000Z,129,0:01:53,0,0,0,Unknown,16,0,[],"""thermal image"" ""flir one""",846,3
I8B-NUnpjC0,1080p HD Security Camera Infrared Night Vision Video Surveillance,http://www.cctvcamerapros.com/Q7 - The HD-Q7 is a High definition security camera with built-in infrared night vision. This is a hybrid-type security camera that ...,CCTV Camera Pros,2017-06-16T20:34:42.000Z,368,0:02:25,4,0,5,Science & Technology,13,1,[],"infrared ""night vision""",1577,4
wTjyRbx_r0M,BgB's Weekly Wire: FLIR TG165 Handheld Infrared Thermal Imager,This week's video features the FLIR TG165 handheld infrared thermal imager. The TG165 thermal imaging camera with infrared technology bridges the gap ...,BgB Supply,2015-10-23T14:01:18.000Z,236,0:00:46,0,0,0,Education,3,0,[],"thermography ""flir lepton""",1348,5
gwr3P8beAXk,seek thermal camera first in uk it is working now :) android galaxy s5 yet- part2,seek thermal camera first in uk it is working now seek thermal camera android samsung galaxy.,cem gurkan,2014-12-03T14:00:03.000Z,634,0:02:04,3,1,4,Education,3,6,[],"""thermal camera"" ""seek thermal""",145,6
XNi7B-QWQeU,seek reveal xr fast frame thermal,"quick look at the thermal i bought in may from scottcountry.co.uk for Â£419, the thermal is more suited for air rifles or rimfire as the range is around 100 yards or ...",Marktopman,2016-06-11T15:53:48.000Z,7360,0:01:45,0,0,3.285714388,Unknown,16,2,[],"""thermal camera"" ""seek thermal""",2459,7
PYkA0EHCnss,How to Choose a Flir T-Series Thermal Imager (Building Version),The T420 and T440 infrared cameras arm users with superior infrared imaging resolution that works harder to reveal trouble spots. With sharp thermal resolution ...,davisinstrumentstv,2013-07-31T19:54:20.000Z,179,0:04:10,1,0,5,Science & Technology,13,0,[],"infrared ""thermal imager""",1795,8
k8gPaJUB128,Thermal Video of Gasoline Fumes,http://www.thermalvideo.com/blog/thermal-imaging-clip-of-the-week-gasoline-fume-detection-a-spontaneous-combustion-warning A FLIR Thermal Camera for ...,thermalvideo,2012-09-13T20:33:43.000Z,19268,0:00:15,12,2,4.428571224,Science & Technology,13,1,[],"""thermal image"" ""flir thermal""",1523,9
G7XdlkBmoZA,FLIR Systems B40 Infrared IR Thermal Imager,"http://www.aaatesters.com/FLIR_Systems_IR_Imagers-FLIR_Systems_B40_Infrared_IR_Thermal_Imager.html FLIR b40 is a lightweight, competent combination ...",AAATesters.com,2014-04-09T07:03:04.000Z,183,0:00:49,0,0,0,Film & Animation,5,0,[],"infrared ""thermal imager""",1839,10
qHkaj6zbFhs,Thermal Imaging at 9Hz,This video shows the difference between full frame rate thermal imaging vs thermal imaging limited to 9Hz. Uses a TiCAM 750 thermal imaging binocular ...,Thermoteknix Systems Ltd,2015-08-25T07:35:02.000Z,538,0:01:26,0,0,0,Science & Technology,13,1,[],"""thermal image"" ""imaging camera""",2761,11
8fv_lHvijR8,Flir Intro To Thermography Extech,"Infrared light or thermography is the use of an infrared imaging and measurement camera to ""see"" and ""measure"" thermal energy emitted from an object.",TEquipment.NET,2009-10-01T17:18:47.000Z,3312,0:00:57,2,0,5,Science & Technology,13,0,[],"thermography ""imaging camera""",2505,12
oXVBROIkgnQ,FLIR thermal infrared imaging camera night vision video,"www.x20.org FLIR thermal infrared imaging camera dvs driving in las vegas rhodes ranch on Durango drive coming up on I-215 beltway E, the sun in in the ...",hms311,2011-03-25T06:28:22.000Z,1138,0:03:53,0,0,0,Entertainment,4,3,[],"infrared ""imaging camera""",565,13
V9xDRYAQrb4,Flir thermal scope hunting,compilation of my kills from January 3rd 2016. couple of coyotes and a raccoon. you can hear my alpha dog pro calling the coyotes in on one of the videos.,cristopher goodson,2016-01-05T00:55:53.000Z,2180,0:01:26,4,7,2.454545498,People & Blogs,11,3,[],"""flir thermal""",2121,14
wCUDPGzTfbM,Car Thermal camera,"Mobile Thermal Camera Installed inside car for road condition and obstacle monitoring during night, rain and fog.",Integrated Security Solutions,2013-11-14T12:56:55.000Z,127,0:01:00,1,0,5,Science & Technology,13,0,[],"""thermal image"" ""night vision""",2636,15
_nb-P4zlUck,FLIR T640 Thermal Imager Predictive Maintenence Applications,http://www.aikencolon.com/flir-t640-thermal-imaging-infrared-camera The Flir T640 Infrared Camera has 640 x 480 (307200 pixel) Resolution and gives you ...,AC Tool Supply,2012-04-24T19:18:12.000Z,451,0:03:10,1,0,5,Science & Technology,13,0,[],"thermography ""thermal imager""",887,16
iSJn8cukmv4,handheld thermal imaging,"imaging1.com has hand held thermal imaging flir technology infrared imaging cameras for entertainment, energy audits, predictive maintenance, night vision ...",hms311,2008-09-17T06:46:46.000Z,541,0:00:54,1,1,3,Entertainment,4,0,[],"""thermal image"" ""infrared thermography""",2800,17
lFU1sJtGR98,Combat Patrol vs. FLIR Scout Thermal Monocular,https://www.maxvelocitytactical.com/tactical-training/tactical-classes/patrol/ ...,Commsprepper,2016-10-16T01:09:12.000Z,14216,0:14:08,146,4,4.893333435,Education,3,51,[],"""flir thermal""",1624,18
pGObmG9141s,FLIR H-Series Bi-Ocular Thermal Imaging Camera Demo,"FLIR BHS-X - BHS-XR - H-Series Bi-Ocular Thermal Imaging Night Vision Camera: A full coverage eyepiece, inter-ocular adjustment, ergonomic comfort, and ...",thermalvideo,2011-04-25T14:19:31.000Z,8209,0:01:12,3,0,5,Science & Technology,13,2,[],"""imaging camera""",2613,19
ljV9ZKtdTAQ,Original uncut non-thermal image of ufo over lake erie in night vision capture at normal speed.,"Original uncut version at normal speed.First upload was in slow-motion ,recorded in a thermal image to help see the sharp high speed maneuver's.This show the ...",hoytzone,2012-09-03T15:57:41.000Z,497,0:06:16,10,0,5,Science & Technology,13,0,[],"""thermal image"" ""night vision""",247,20
UTMvpeH8Zek,Seek Thermal: Beer,Uploaded with permission from Ad Agency Sleek Machine for http://adsoftheworld.com.,adsoftheworldvideos,2016-02-12T03:36:10.000Z,1510,0:00:18,5,0,5,Entertainment,4,0,[],"""seek thermal""",76,21
5nUqkcE0Acg,Seek Thermal DIY Field Modifications.,"Using the Seek Thermal attached to a cell phone is an inexpensive way to check for leaks in a heating vent or other useful tasks. But, I choose to take it into the ...",LordCryptid,2016-03-02T01:02:50.000Z,1110,0:02:27,9,0,5,Education,3,9,[],"""seek thermal""",1373,22
kw469M4sONA,Using a FLIR ONE Thermal Camera on a Keurig,Using a FLIR ONE Thermal Camera on a Keurig.,dereksmith1011222,2015-09-26T16:53:55.000Z,147,0:00:33,2,0,5,Science & Technology,13,1,[],"thermography ""flir one""",1935,23
tH9iULK2dv0,ZephIR - High Definition Infrared Camera,Robust Easy to Use High Definition Infrared and Special Infrared inks.,das-Nano,2017-04-05T17:44:06.000Z,0,0:00:00,0,0,0,Unknown,16,0,[],"""infrared camera""",1878,24
MlZ2KrElTsk,Fluke TiR1 9Hz Infrared Thermal Imager IR TIR 1,http://www.aaatesters.com/Fluke_IR_Thermal_Imagers-Fluke_TiR1_9Hz_Infrared_Thermal_Imager_IR_TIR_1.html The Fluke TiR1 Thermal Imaging cameras ...,AAATesters.com,2014-04-19T11:15:36.000Z,97,0:00:49,0,0,0,Film & Animation,5,0,[],"thermography ""thermal imager""",2155,25
lyRPd53utmQ,Ð¢ÐµÐ¿Ð»Ð¾Ð²Ð¸Ð·Ð¾Ñ€ Seek Thermal Reveal xr30 Fastframe,Ð¢ÐµÐ¿Ð»Ð¾Ð²Ð¸Ð·Ð¾Ñ€ Seek Thermal Reveal xr30 Fastframe.,ÐžÐ±Ð·Ð¾Ñ€ Ñ‚ÐµÐ¿Ð»Ð¾Ð²Ð¸Ð·Ð¾Ñ€Ð¾Ð²,2016-12-28T18:43:00.000Z,403,0:02:23,2,2,3,People & Blogs,11,0,[],"thermal ""seek thermal""",2276,26
iMF1efR4nLE,15 Hogs Down with the Pulsar Trail XQ38 Thermal Scope and Armasight Zeus Pro 640 50mm,"15 Hogs down, including a couple monster hogs with the brand new Pulsar Trail XQ38 thermal weapon scope. Also, side-by-side and picture-in-picture footage ...",Ultimate Night Vision,2017-04-02T16:10:49.000Z,90564,0:07:01,336,34,4.632432461,Sports,14,45,[],"""thermal imaging"" ""night vision""",1896,27
kxIJ1CRYUzs,FLIR One thermography + iPhone5 flying up to 140m height,"RIHN UAV: Splash Drone, mode:IOC.",harmonium,2015-10-11T11:16:29.000Z,1225,0:06:26,2,0,5,Science & Technology,13,5,[],"thermography ""flir one""",2692,28
04tXINXAhIs,Flir ONE - Shooting AK47 with Thermal Camera,Flir ONE - Shooting AK47 with Thermal Camera Click here to subscribe: http://goo.gl/mZDvQ Twitter: http://www.Twitter.com/RichardRyan Facebook: http://www.,FullMag,2014-08-17T19:27:03.000Z,81027,0:00:27,1064,137,4.54371357,Science & Technology,13,61,[],"thermography ""flir one""",1132,29
QHnMETwDBt8,Audi night vision assistant Halloween Commercial - Trick? Or Treat?,"Powered by thermal imaging technology, Audi night vision assistant can detect pedestrians up to 300 feet away. This Halloween video was filmed using an A6 ...",Audi USA,2014-10-31T17:09:51.000Z,12933,0:00:30,106,3,4.889908314,Sports,14,2,[],"""night vision""",526,30
1DQWoKYUC3g,Transport & Port Security,"There has been an increasing need of infrared cameras in the security sector, particularly where transport vehicles are park and stored and in port areas. SATIR ...",SATIR Europe (Ireland) Company Limited,2016-08-29T14:01:41.000Z,51,0:01:57,0,0,0,Science & Technology,13,0,[],"""thermal image"" ""flir lepton""",212,31
BXgUKfOxCXA,FLIR MSX Thermal Imaging Cameras,The New MSX Multi-Spectral Dynamic Imaging feature on the FLIR T440 and T640 revolutionizes the way you view a thermal image. It produces exceptional ...,GlobalTestSupply,2012-08-24T15:56:30.000Z,165,0:01:03,0,0,0,Science & Technology,13,0,[],"""thermal image"" ""imaging camera""",425,32
beVMjvupOTY,Flir One iOS 2nd gen Outdoor night test,,116falconer,2015-11-29T02:45:48.000Z,22025,0:06:45,49,2,4.843137264,Howto & Style,7,10,[],"""flir one""",1697,33
PPdL0S1Ajgc,FLIR One Pro æ‰‹æ©Ÿç†±åƒå„€å¯¦æ©Ÿæ“ä½œã€LPCommentã€‘,å½±ç‰‡ä¸­ï¼Œä¸­æ–‡è¬›è©±çš„æ˜¯å»–é˜¿è¼... åªæ˜¯å‰›å¥½æ”¶åˆ°éŸ³ï¼Œæ‰€ä»¥åˆ¥ä¾†è·Ÿæˆ‘æŠ±æ€¨è²éŸ³ä¸æ¸…æ¥šæˆ‘æ ¹æœ¬æ²’èªªè©±é˜¿XD.,Yu-Weng Liu,2017-03-06T07:30:04.000Z,1543,0:01:21,0,0,5,Unknown,16,0,[],"""flir one""",1290,34
PMpgeFoYbBI,"What's hiding in infrared, make your own infrared camera.","Now now now, what have we here then. See earthfiles for full story. This is a video showing us how to make our own infrared cameras. Just what are they trying ...",neptuneey,2008-03-10T19:52:12.000Z,463253,0:03:44,469,69,4.486989021,News & Politics,9,138,[],"""infrared camera""",2468,35
QH-TH6JdFmk,XINTEST HT - 02 Handheld Infrared Thermal Imager Imaging Camera for Medical / Archaeological / Tran,http://amela.top/gb/128391901.php XINTEST HT - 02 Handheld Infrared Thermal Imager Imaging Camera for Medical / Archaeological / Transport / Agriculture.,Violetta Ponomareva,2017-05-03T08:10:06.000Z,4,0:00:24,0,0,0,Howto & Style,7,0,[],"lepton ""infrared thermography""",2102,36
FW0CVodkZVs,IRWave Thermal Microscope,,NIKOREATUBE,2012-10-16T02:21:12.000Z,1060,0:04:00,1,0,5,Science & Technology,13,0,[],"lepton ""seek thermal""",1170,37
M-TEiY8TBnc,IR-Blue Thermal Imager - Unbox & Assembly,IR-Blue kit from Andy Rawson/RH Workshop's Kickstarter - http://www.kickstarter.com/projects/andyrawson/ir-blue-thermal-imaging-smartphone-accessory ...,n1bpd,2013-06-14T22:55:45.000Z,4961,0:20:15,22,2,4.666666508,Science & Technology,13,9,[],"infrared ""thermal imager""",1977,38
tO3X2DVeZxU,Thermal Imaging Ease of Use,An independent research company tested a number of different thermal imaging models to see which models were the easiest to use.,Fluke Corporation,2011-04-27T15:39:29.000Z,468,0:01:49,1,0,5,Science & Technology,13,0,[],"thermography ""thermal paste""",2294,39
mPWA4nM99PE,FLIR T420 Infrared Camera,"FLIR T420 Infrared Camera is a portable thermal imaging camera that takes into account ergonomics, weight and ease of use to a new level. The FLIR T420 has ...",airconcern,2012-06-13T12:34:46.000Z,1128,0:06:30,1,0,5,Autos & Vehicles,1,0,[],"thermography ""infrared camera""",1455,40
VkioVIBltD4,testo 869 - thermal imaging camera,"Combining high infrared performance, easy operation, and an unbeatable price, the new testo 869 makes high-quality thermography affordable for everyone.",Testo UK,2016-03-14T11:05:07.000Z,942,0:01:10,0,0,0,Science & Technology,13,0,[],"""imaging camera""",2029,41
lWBDtrSuUBs,Fluke TiR27 Infrared Camera Thermography,http://www.aikencolon.com/fluke-tir27-thermal-imager.html Fluke TiR27 TiR 27 IR Infrared Thermal Imaging Camera The Fluke TiR27 Thermal Imager is one of ...,AC Tool Supply,2012-04-26T17:58:34.000Z,351,0:02:36,0,0,0,Science & Technology,13,0,[],"thermography ""imaging camera""",169,42
X7CafNxuC8E,Flir T640 Manufacturing Infrared Camera Thermography,http://www.aikencolon.com/flir-t640-thermal-imaging-infrared-camera The Flir T640 Infrared Camera has 640 x 480 (307200 pixel) Resolution and gives you ...,AC Tool Supply,2012-04-24T19:16:28.000Z,141,0:02:43,0,0,0,Science & Technology,13,0,[],"thermography ""infrared camera""",2052,43
8OPxYkpsGgw,Ultrasonic Inspection and IR of electrical panels,TEGG Service in Hawaii by American Electric. This video shows how ultrasonic testing works and the reasons it is done as a complement to thermography ...,American Electric,2015-09-28T21:05:35.000Z,0,0:00:00,0,0,0,Unknown,16,0,[],"""infrared thermography""",914,44
fD9NjiW69qs,Laser writing as seen with a FLIR thermal imager,"Thermal trail left by a 1/4 Watt green laser on paper, as seen with a FLIR thermal imager.",Alistair Bostrom,2014-01-08T06:45:16.000Z,116,0:00:35,1,0,5,Science & Technology,13,0,[],"thermography ""thermal imager""",1575,45
pp4W-Z4AM5I,CLIP ON THERMAL IMAGER FLIR infrared weapon sight scope L3 insight,Clip On thermal imager FLIR thermal infrared imaging sight.,hms311,2011-04-14T06:15:59.000Z,3486,0:02:22,4,1,4.199999809,Entertainment,4,3,[],"""thermal imager""",2608,46
cdGHRuQzRpU,M12â„¢ 102 x 77 Infrared Camera,The M12â„¢ 102 x 77 Infrared Camera is the first imager in its class to deliver outstanding 7800+ pixel image detail for superior scanning than single-point ...,Milwaukee Tool,2016-09-02T15:00:35.000Z,10840,0:01:41,0,0,4.932203293,Unknown,16,5,[],"thermography ""infrared camera""",794,47
2YktWZU24w0,INFRARED CAMERA CONVERSION - INFRAREADY.CO.UK DIY FULL SPECTRUM NIGHT VISION,CANON SX20 INFRARED FULL SPECTRUM CAMERA - CAN BE USED WITH COLOURED OR IR FILTERS TO ACHIEVE FAUX COLOUR AND PURE ...,Andy Bailey,2013-03-09T14:15:50.000Z,2782,0:01:52,9,4,3.769230843,Film & Animation,5,0,[],"""infrared camera""",505,48
ghEJtIGEf1Q,Fluke Ti Thermal Imaging Camera Series: Infrared Photo-Notes for Building Diagnostics,"The Ti series are Fluke's newest line of thermal imagers, including the Ti125, Ti110, Ti100, Ti25, Ti27, Ti29 and Ti32. Fluke thermal imagers (sometimes referred ...",Optimum Energy Products Marketing,2012-05-15T21:21:02.000Z,436,0:01:00,0,0,0,Howto & Style,7,0,[],"""thermal camera"" ""infrared thermography""",1688,49
u6kwO9TgnnM,"FLIR Scout TS24, TS32, TS32r Thermal Night Vision Cameras","Learn more! http://www.optimumstores.com/scout FLIR Scout TS24, TS24 Pro, TS32, TS32 Pro, TS32r, TS32r Pro Handheld Thermal Night Vision Camera demo ...",Optimum Energy Products Marketing,2011-03-15T15:06:03.000Z,40146,0:01:14,11,2,4.384615421,Science & Technology,13,2,[],"thermography ""night vision""",2281,50
eYIocOjnHAs,Drone Thermal FPV at beach with GoPro side-by-side video,We attached a DroneThermal breakout board with a FLIR Lepton camera and a GoPro to a DJI Phantom and brought it to Hendry's Beach in Santa Barbara for ...,GroupGets,2015-05-31T01:51:29.000Z,7587,0:02:00,10,0,5,People & Blogs,11,3,[],"""flir lepton""",1895,51
6XFnOe_aSL4,FLIR ONE in 1080p - How is that possible?,I cut my FLIR one for iPhone5 to make it fit on iPhone6. Now i am looking at the video quality of that thermal imager.,mygiguser,2016-01-13T01:34:26.000Z,2367,0:01:36,8,3,3.909090996,Film & Animation,5,3,[],"""flir one""",39,52
T_Bd2kAfqDI,FLIR: MD Series MD-324 And MD-625 Fixed-Mount Thermal Night Vision Camera Overview,FLIR: MD Series MD-324 And MD-625 Fixed-Mount Thermal Night Vision Camera West Marine: http://bit.ly/17y8cMt Amazon.com: http://amzn.to/17TtLnW The ...,Nicholas Nemo,2013-11-22T10:26:56.000Z,3677,0:00:45,3,0,5,Science & Technology,13,1,[],"thermography ""night vision""",1840,53
Bo__VPX0qh4,mocha coffe machine IR fc timelapse,mocha coffe machine IR fc timelapse - flimeo - FLIR Lepton - RaspberryPi.,FranÃ§ois Varas-Genestier,2015-11-21T11:54:05.000Z,53,0:00:44,1,0,5,Science & Technology,13,0,[],"infrared ""flir lepton""",816,54
tLX23jVZGig,Buy Online Thermal Imaging Binoculars : Night Vision 4 Less,"Night Vision 4 Less is offering the latest and greatest in thermal night vision for law enforcement, fire and search & rescue teams, military, hunting, and wildlife ...",Night Vision 4 Less,2017-07-22T08:25:20.000Z,14,0:00:56,0,0,0,People & Blogs,11,0,[],"""thermal imaging"" ""night vision""",1859,55
QoD0BTMETZk,FLIR Thermal Infrared (IR) Military Camera Lets Troops See in Total Darkness!,http://www.thermalvideo.com/blog/thermal-imaging-clip-of-the-week-flir-military-thermal-cameras-give-our-troops-eyes-at-night Using FLIR Thermal Cameras ...,thermalvideo,2012-09-19T14:11:45.000Z,1325,0:00:30,2,0,5,Science & Technology,13,0,[],"infrared ""flir thermal""",2256,56
l1dHqB_vFG4,Seek Thermal - Ñ‚ÐµÐ¿Ð»Ð¾Ð²Ð¸Ð·Ð¾Ñ€ Ð´Ð»Ñ ÑÐ¼Ð°Ñ€Ñ‚Ñ„Ð¾Ð½Ð°. ÐŸÐµÑ€Ð²Ð¾Ðµ Ð¿Ð¾Ð´ÐºÐ»ÑŽÑ‡ÐµÐ½Ð¸Ðµ.,"ÐŸÐµÑ€Ð²Ñ‹Ð¹ Ð¾Ð¿Ñ‹Ñ‚ Ð¸ÑÐ¿Ð¾Ð»ÑŒÐ·Ð¾Ð²Ð°Ð½Ð¸Ðµ Ñ‚ÐµÐ¿Ð»Ð¾Ð²Ð¸Ð·Ð¾Ñ€Ð° Seek Thermal Ð½Ð° Ð°Ð½Ð´Ñ€Ð¾Ð¸Ð´ ÑÐ¼Ð°Ñ€Ñ‚Ñ„Ð¾Ð½Ðµ. Ð¤ÑƒÐ½ÐºÑ†Ð¸Ð¾Ð½Ð°Ð», Ð³Ð»ÑŽÐºÐ¸ Ð¸ Ð¿ÐµÑ€Ð²Ð¾Ðµ Ð²Ð¿ÐµÑ‡Ð°Ñ‚Ð»ÐµÐ½Ð¸Ðµ.",Ð•Ð²Ð³ÐµÐ½Ð¸Ð¹ Ð¢Ð²ÐµÑ€Ð´Ð¾Ñ…Ð»ÐµÐ±Ð¾Ð²,2017-06-27T22:27:10.000Z,160,0:07:14,2,0,5,Science & Technology,13,0,[],"""seek thermal""",2339,57
bbx2W4yB40U,CES Gadgets: Night Vision Camera for Everyone,"Flir Systems unveiled its first consumer-grade handheld thermal night vision camera at the 2010 Consumer Electronics Show. It lets hikers, campers, and ...",Associated Press,2010-01-08T07:22:14.000Z,0,0:00:00,0,0,0,Unknown,16,0,[],"""thermal camera"" ""night vision""",1769,58
OLLvKC9vFuQ,Finding Moisture with a Infrared Thermal Scan,Rich Roshak of Beach Infrared a Certified Infrared Thermographer demonstrates using infrared thermography to locate hidden defects and potential problems in ...,BeachInfrared1,2015-01-18T21:46:55.000Z,451,0:01:07,1,0,5,Education,3,0,[],"""thermal camera"" ""infrared thermography""",596,59
5gE6mls-Di8,"IR camera, frying pans, and Mathematica","Comparing frying pans with an infrared camera and Mathematica. Special thanks to Ron at GroupGets.com for the camera, and Wolfram Research for ...",funskits,2016-08-28T16:38:03.000Z,434,0:17:56,9,0,5,Education,3,3,[],"""flir lepton""",2544,60
K8ctJCVwAk8,Review: Orion StarShoot G3 Deep Space Imaging Camera,Orion Starshoot G3 Monochrome camera review. Here I go into all the details of the G3 camera. The G3 is good entry level Astro Camera. In this video I show ...,Astrophotography Tutorials,2013-12-02T01:30:00.000Z,23694,0:09:45,155,7,4.827160358,Education,3,125,[],"""imaging camera""",2471,61
p-88movziqY,Seek Thermal XR for android White Hot filter,Seek Thermal XR for android White Hot filter feature. Music produced and recorded by myself. Copyright 2014 unreleased. I DO own this music. Range approx.,Johannes Factotum,2015-07-16T16:02:56.000Z,1071,0:01:12,1,1,3,People & Blogs,11,0,[],"thermography ""seek thermal""",894,62
L7yPsWVqLJQ,Rugged Mobile PHX Thermal Perimeter Security rugged mobile PTZ camera System + 30x HD Day Night CMOS,The RNG-37X-TI is an integrated dual-sensor PTZ system that boasts a 37X ultra-high resolution color CCD and a highly tuned thermal imager for true 24/7 ...,Ascendent Technology,2012-11-27T23:24:41.000Z,1913,0:01:27,5,0,5,Science & Technology,13,1,[],"""thermal image"" ""thermal imager""",627,63
rfqLFqjFEqw,night vision FLIR thermal IR imaging camera,driving with the FLIR thermography IR camera at a gas station in las vegas NV.,hms311,2010-02-17T07:13:58.000Z,226,0:00:56,0,0,0,Entertainment,4,0,[],"thermography ""flir thermal""",1427,64
0247cM-UjTI,Making a near-infrared camera from a webcam,"This is a video that shows how to make a near-infrared camera out of a cheap webcam. The basic process involves opening the webcam housing, removing the ...",Jake Ruppal,2011-05-07T00:06:19.000Z,33412,0:05:34,62,16,4.179487228,Howto & Style,7,15,[],"""infrared camera""",1027,65
jhP2dwD3WEE,Motorcycle Warmup using Thermal Imaging,"The first 15 seconds is a timelapse from 2 minutes and 30 seconds of footage, cold start to warm. Get a PureThermal 1 FLIR Lepton Smart I/O Module here: ...",GroupGets,2016-06-29T02:10:56.000Z,1938,0:01:00,8,6,3.285714388,Science & Technology,13,2,[],"""flir lepton""",1214,66
akRG2g88m8Y,Infrared camera on Quadcopter at night,Testing an Infrared camera on a quadcopter to see how easy it is to spot people on the ground in total darkness.,Graham Dyer,2013-07-06T15:57:37.000Z,1801,0:01:09,5,0,5,Science & Technology,13,3,[],"thermography ""infrared camera""",2535,67
FczGYdFuF6Q,MWC 2014: First Look at the FLIR One Thermal Imaging Camera for iPhone 5,"FLIR set up shop at Mobile World Congress in Barcelona to show off its first mobile accessory, the FLIR One thermal imaging camera for iPhone 5/5s.",PCMag,2014-02-27T15:33:45.000Z,6423,0:00:37,7,0,5,Science & Technology,13,0,[],"""thermal imaging"" ""flir one""",372,68
AJliVs43gig,Raspberry Pi 3 In Thermal,"Watching a Raspberry Pi 3, go from being off to running normally. Very efficient and only two main heat spots on the chipset. Subreddit: ...",Life In Thermal,2016-07-16T14:00:01.000Z,274,0:01:27,3,0,5,Education,3,1,[],"thermography ""thermal paste""",2631,69
lw5qUhumviQ,Testo 875-2 875 2 Infrared Camera Thermal Imager,http://www.netzerotools.com/testo-875-2-infrared-camera-thermal-imager.html Testo 875-2 875 2 Infrared Camera / Thermal Imager The Testo 875-2 is currently ...,NetZeroTools,2012-05-30T15:26:17.000Z,951,0:02:41,1,0,5,Science & Technology,13,0,[],"""thermal imager""",1363,70
BI-dLw4VYDU,Seek Thermal plus1475105454,Testing Seek Thermal.,George S,2015-02-07T13:19:46.000Z,190,0:01:08,0,0,0,Sports,14,0,[],"thermography ""seek thermal""",82,71
3yfngRFQuWo,Sensor Fusion of night vision thermal imaging FLIR SWIR LWIR MWIR image fusing ENVG AN/PSQ-20,"Messing around with LWIR and NVG night vision image intensified camera with sensor fusion, Thank you Mike Bailey from SPI This device is truly awesome ...",hms311,2011-01-13T16:47:07.000Z,29311,0:00:37,51,1,4.923077106,Science & Technology,13,1,[],"""thermal imaging"" ""night vision""",2678,72
zA5qsYyQnJA,Ultra Long Range Camera Laser Infrared Illumination and Thermal IR Night Vision PTZ,"www.ascendentgroup.com info@ascendentgroup.com The Sigma Series by Ascendent is designed by Ascendent specifically for border, coast, pipeline and ...",John Infared,2012-08-09T20:50:13.000Z,8620,0:00:36,7,2,4.111111164,Science & Technology,13,2,[],"infrared ""infrared camera""",40,73
fHaNKtguUNw,"carbon steel wiki,thermal conductivity carbon steel,sheet steel,4130 plate,carbon steel pipe cost",,hongyun wei,2015-01-30T06:15:40.000Z,63,0:00:21,0,0,0,People & Blogs,11,0,[],"""thermal camera"" ""thermal paste""",2434,74
LnZpRu0h9cs,InfraVision LLC | Infrared Thermal Imaging Leak Detection Company,"InfraVision LLC uses infrared thermal imaging cameras to find a water leak non-destructively. Whether it is a major catastrophe, storm damage, a roof leak, ...",jack tarry,2014-01-31T23:17:20.000Z,2504,0:03:49,4,1,4.199999809,Film & Animation,5,0,[],"""thermal image"" ""infrared camera""",1824,75
HqVdx1Pak2A,Popcorn in infrared with a thermal imager,"Making popcorn is quite the thermal event! Hot burner, heat oil, ""cold"" popcorn. Put it all together and then POP POP POP. See what it looks like through a ...",ThinkThermally,2016-02-08T20:56:59.000Z,921,0:02:44,2,0,5,Science & Technology,13,0,[],"thermography ""thermal imager""",2181,76
A8dGY2z5RhQ,FLIR ThermaCam B2 Infrared Thermal Imager,http://www.aaatesters.com/FLIR_Systems_IR_Imagers-FLIR_ThermaCam_B2_Infrared_Thermal_Imager.html The ThermaCAM B2 is designed with a built-in ...,AAATesters.com,2014-04-19T08:06:39.000Z,565,0:00:49,0,2,1,Film & Animation,5,0,[],"infrared ""thermal imager""",2148,77
wlMeV-GGFD4,Thermal Imaging FLIR infrared night vision camera driving WSTI SRTI,mobile FLIR infrared imaging camera does very well for driving in adverse conditions.,hms311,2011-04-14T01:40:02.000Z,1970,0:04:09,3,1,4,Entertainment,4,0,[],"""thermal imaging"" ""night vision""",2559,78
XLrPrRufkJo,Donwload Application of Infrared Thermography in Sports Science Biological and Medical Physics Biome,,F. Jacari,2016-12-07T06:03:13.000Z,0,0:00:00,0,0,0,Unknown,16,0,[],"""infrared thermography""",1766,79
yl7qwuzTmqY,Possible Spirit Captured on Thermal Video Camera!,"This FLIR One spirit energy footage was captured at Cheney Mansion in Jerseyville, IL on July 29th, 2017. The thermal anomaly takes place at 8 seconds in to ...",MikeV@GPT,2017-07-30T23:40:36.000Z,30,0:00:24,2,0,5,People & Blogs,11,4,[],"""thermal image"" ""flir one""",2620,80
zzd4NXP9cW8,See Through Walls With Your iPhone,From: http://www.cnn.com/video/standard/index.html Please visit http://www.pigminenews.com Subscribe to PigMine5 here: ...,PigMine 5,2014-07-24T04:08:33.000Z,135730,0:01:42,0,0,4.396825314,Unknown,16,24,[],"infrared ""seek thermal""",2372,81
WGXQoz11oEY,Cubot X9 Beach Buggy racing : thermal warning!!!,Cubot X9 Beach Buggy racing : thermal warning!!!,The Rob,2015-11-29T13:23:19.000Z,526,0:01:19,4,0,5,People & Blogs,11,9,[],"""thermal imaging"" ""thermal paste""",2164,82
S2urroTrbeI,Seek Thermal Compact Pro Unboxing in Thermal,Seek Thermal Compact pro unboxing and setup shown in thermal. Watch Visible camera here: https://www.youtube.com/watch?v=tm27Ztea2dA Expect videos ...,Life In Thermal,2017-02-17T15:00:04.000Z,846,0:03:02,0,0,4.333333492,Unknown,16,0,[],"""seek thermal""",772,83
GXAeAhTE6ag,Using night vision thermal camera,The free range bulls with horns could be seen from 200 meters in total darkness. Good. I could have walked right up on them. Kevin!!!,Tim Fasano Bigfoot Hunter,2013-08-23T22:31:57.000Z,232,0:02:40,4,2,3.666666746,People & Blogs,11,3,[],"""thermal camera"" ""night vision""",2290,84
dYs4-rNQ2tU,LOT OF BULLARD THERMAL CAMERA W/ CASE . For Sale,http://www.machinerytrader.com/listingsdetail/detail.aspx?OHID=12347463 Title: LOT OF BULLARD THERMAL CAMERA W/ CASE . For Sale Category: Other.,Machinery Trader,2017-01-03T17:18:23.000Z,28,0:00:55,1,0,5,Autos & Vehicles,1,0,[],"""thermal image"" ""flir lepton""",1323,85
rCJXCA8tLqw,OpenMV Thermal Imaging/Night Vision,http://hackaday.io/project/1313.,Ibrahim Abdelkader,2014-08-27T23:54:05.000Z,4670,0:00:51,18,0,5,Science & Technology,13,3,[],"""thermal imaging"" ""night vision""",882,86
vinTAZsuvDE,FLIR ONE Thermal Camera for iPhone 5/5s - CES 2014,CES 2014 Videos https://www.youtube.com/playlist?list=PLyEnz3a-CeuQkKKb-2Ta2YUdc0DI1pDcn The FLIR One is a case for the iPhone 5 or iPhone 5s that ...,Mike Flaminio,2014-01-09T00:51:53.000Z,18707,0:01:31,66,2,4.882352829,Science & Technology,13,9,[],"""flir one""",888,87
GbBgIPYyOqs,SCOTT X Series Thermal Imaging Camera,This video is about the Scott X Series thermal imaging camera used for firefighters around the globe. These come with a large cost but fire departments can use ...,Isyour6coveredÂ®,2016-12-07T07:26:10.000Z,275,0:07:16,13,0,5,Entertainment,4,19,[],"""thermal imaging"" ""imaging camera""",1892,88
udSx7iS2hKQ,FLIR Scout handheld thermal night vision,"The FLIR Scout line of handheld thermal imaging cameras gives hikers, sportsmen, and outdoor enthusiasts the power to see clearly in total darkness with the ...",FLIRNightVision,2010-01-29T16:37:23.000Z,68126,0:00:55,60,1,4.934426308,Science & Technology,13,12,[],"thermal ""night vision""",2058,89
oizEbe_Ej4I,SATIR UTR Thermal Imager,Thermal image of lorrys moving around a transport depot from security control centre.,SATIR Europe (Ireland) Company Limited,2011-09-19T11:07:36.000Z,108,0:00:29,1,0,5,Science & Technology,13,0,[],"thermal ""thermal imager""",1614,90
NCKpoM8gJTQ,Michigan Thermal Imaging infrared camera finds heat loss leaks & more,This overview of Infrared thermal imaging (aka thermography) shows the wide array of uses of the FLIR infrared camera system when used by certified ...,jack tarry,2011-01-06T21:47:49.000Z,1134,0:02:32,2,0,5,Science & Technology,13,0,[],"thermography ""infrared camera""",1201,91
xqc0-gIcSwM,panasonic grid-eye thermal camera bluetooth project,this is just a prototype of my thermal camera using the panasonic grid-eye thermal sensor. the micro-controller is a Arduino with a bluetooth shield that send data ...,Alex Caron,2013-01-17T21:11:45.000Z,3331,0:01:34,6,1,4.428571224,People & Blogs,11,17,[],"lepton ""thermal imager""",1288,92
PnnPVlwfBEA,IR Tutorial | Electrical Inspection 2,"A glimpse inside the online IR thermography level 1 course at http://bin95.com/thermographer/infrared-thermography-Certification.htm This IR Tutorial,is another ...",Online Infrared Training Center,2015-11-05T02:15:59.000Z,515,0:01:17,1,0,5,Education,3,0,[],"thermography ""infrared thermography""",506,93
zJTnjLIUFGs,IR film - drone flir one,,talon1o1,2017-03-21T18:40:45.000Z,0,0:00:00,0,0,0,Unknown,16,0,[],"infrared ""flir one""",527,94
ZaCxj9fAE84,ImagineRIT - Active Infrared Thermography,Freshman Imaging Project Section Two's video on finding hidden & degraded text in old degraded documents through active infrared thermography. Made for ...,Sean Scannell,2016-05-08T02:59:40.000Z,389,0:03:36,11,0,5,Film & Animation,5,0,[],"""infrared thermography""",2050,95
robnM31lR7s,ITM FLIR Thermography for Predictive Maintenance,The many uses for Flirs thermography imaging cameras specifically for predictive maintenance.,ITM Instruments,2012-07-04T20:33:45.000Z,486,0:03:05,0,0,0,Science & Technology,13,0,[],"thermography ""imaging camera""",2590,96
hvZd_Mr8Dno,How to make an infrared camera,How to make an infrared camera For More Videos Please Like || Share || Comment || Subscribe My Channel.,How to???,2016-11-05T09:19:33.000Z,53,0:43:24,2,0,5,People & Blogs,11,0,[],"thermography ""thermal paste""",1276,97
wxUN8pcMBBA,Flir one test video,Flir one test video.,Charliemedia,2016-10-17T08:02:06.000Z,79,0:00:38,0,0,0,People & Blogs,11,0,[],"lepton ""flir one""",2725,98
4quZ3EDLSKI,Argus Thermal Imaging Camera For Aircraft Search,Biggin Hill Airport filled up a 737 simulator with artificial smoke to zero visibility. The Argus makes it possible to carry out a comprehensive visual search inside ...,ArgusDirect,2011-11-29T10:14:50.000Z,656,0:02:42,0,0,0,Science & Technology,13,0,[],"""imaging camera""",2031,99
paQN52skAzo,FLIR ONE Thermal Camera: Ice and Salt! SO COLD!,"Before the modern world brought us electronics we made icecream the old fashion way with salt, ice, and hard churning. In this video the FLIR ONE shows you ...",Thermal Cam Fun,2017-05-02T20:54:47.000Z,17,0:02:47,0,0,0,Science & Technology,13,0,[],"""thermal camera"" ""flir one""",2721,100
8cSV_szMxUM,HOG HUNTING 3RD GEN NIGHT VISION VS THERMAL,"HOG HUNTING IN TEXAS FILMED WITH THIRD GEN NIGHT VISION, AND THERMAL AT THE SAME TIME. USING THE LWRC SIX8 SPR RAZORBACK, ...",Lone Star Boars,2015-01-25T03:35:40.000Z,103923,0:03:08,0,0,3.873096466,Unknown,16,82,[],"""night vision""",2815,101
wF9y6L3rHEw,Thermal Module - Asus C202 Chromebook Repair,"This video shows how to repair the thermal module for the Asus C202 Chromebook. To watch how to open the device, follow the link below: ...",Promevo,2016-04-13T17:38:45.000Z,120,0:03:47,0,0,0,Science & Technology,13,0,[],"""thermal imaging"" ""thermal paste""",1142,102
BWu25VscMeA,Thermal infrared 360Âº time-lapse over 24h of a Vancouver Residential Surface,Thermal infrared 360Âº time-lapse over 24 hours of a Vancouver Residential Street (Vancouver-Sunset). Individual 360Âº scans are available here: ...,andreaschristen,2015-10-28T07:08:57.000Z,67,0:00:19,0,0,0,Science & Technology,13,0,[],"""thermal image"" ""flir lepton""",1295,103
x6eseHIPOvA,Digital Infrared Thermal Imaging,"Thermal Imaging, or Digital Infrared Thermal Imaging (D.I.T.I.) is rapidly changing visual analysis. Medical DITI's major clinical value is its high sensitivity to ...",healthwalk,2007-10-31T04:29:26.000Z,4855,0:02:20,3,0,5,People & Blogs,11,0,[],"""infrared thermography""",1256,104
vcOpAdS2cjo,Introducing the FLIR GF320 Infrared Camera for Gas Leak Detection,"The FLIR infrared camera is a preventative maintenance solution to spot leaks in piping, flanges and connections in petrochemical operations. The infrared ...",FLIR Systems,2016-05-25T21:41:30.000Z,1882,0:01:38,13,0,5,Science & Technology,13,1,[],"thermography ""infrared camera""",962,105
haRItPseZPQ,Electrical Infrared Inspection,Excerpt from electrical infrared inspection part of online infrared thermography training and certification at http://bin95.com/ir .,Online Infrared Training Center,2014-11-26T22:15:43.000Z,3526,0:05:32,7,0,5,Science & Technology,13,0,[],"""infrared thermography""",1281,106
lSiyzBGheLI,Thermal Heads Up Display,I used a Seek Thermal camera to build a heads up display for my car. This video shows that assembly of the protective case and some drive testing. Read more ...,Timothy Giles,2015-09-15T00:37:12.000Z,0,0:00:00,0,0,0,Unknown,16,0,[],"""thermal camera"" ""seek thermal""",2316,107
q78pDwtu11I,FLIR Scout TK,Thermal optikFLIR Scout TK www.lovskatrgovina.si.,Marko Gracner,2016-09-04T07:54:18.000Z,180,0:00:08,0,0,0,Sports,14,0,[],"""thermal image"" ""flir lepton""",2064,108
oQQgO1prYlA,Flir T420bx Transformer Picture in Picture Infrared Thermography,http://www.netzerotools.com/flir-t420bx-thermal-imaging-infrared-camera The Flir T420bx features Picture in Picture & Thermal Fusion - Blend visible and ...,NetZeroTools,2012-04-17T19:49:15.000Z,112,0:00:26,0,0,0,Science & Technology,13,0,[],"""infrared thermography""",2665,109
viRqZeZqpnk,Thermal Imaging Camera   Demo Car Moving,Thermal Imaging Camera Demo Car M oving. http://www.agdtec.com.,Smart Vision Direct,2014-11-12T18:02:30.000Z,194,0:01:42,0,0,0,Science & Technology,13,0,[],"""thermal imaging"" ""imaging camera""",1850,110
mu0Sx7ruH6w,FLIR T420bx Infrared Camera Electrical Utilities Thermography,http://www.aikencolon.com/flir-t420bx-thermal-imaging-infrared-camera The Flir T420bx Infrared Camera has 320 x 240 (76800 pixel) Resolution and gives you ...,AC Tool Supply,2012-04-23T17:53:38.000Z,239,0:03:13,0,0,0,Science & Technology,13,0,[],"thermography ""infrared camera""",1937,111
OIy2qY9r110,"Pulsar's Night Vision Guide to Gen1, Gen2, Gen3, Digital, and Thermal","An in depth look at the differences and similarities between Generational night vision, digital night vision, and thermal. So when it's time to make the decision on ...",Pulsar NV,2016-04-28T15:12:02.000Z,6879,0:04:26,45,1,4.913043499,Sports,14,9,[],"""thermal imaging"" ""night vision""",1563,112
k8BYhDVwFl0,Flir i5 Infrared camera - introduction,"www.conrad.com represents: FLIR SYSTEMS -- Global leader in infrared cameras Introduction Infrared applications used every day -- electrical, medical, ...",Conrad com,2012-01-20T10:33:30.000Z,758,0:01:44,0,0,0,Science & Technology,13,0,[],"""infrared camera""",1150,113
MsBgIts4F7g,FLIR LTV-X and the V-22 Osprey!,Did you know the LTV-X is V-22 Osprey transportable? Learn more about FLIR's All-Terrain Self-Contained Mobile Surveillance System at: http://bit.ly/2fjLG5o.,FLIR Systems,2016-11-03T17:48:08.000Z,712,0:00:39,12,0,5,Science & Technology,13,0,[],"""flir lepton""",1900,114
oJILXOV2Lxc,Flir Tools Software For The T620 Infrared Camera,http://www.netzerotools.com/flir-t620-infrared-thermal-imaging-camera FLIR T620 IR Infrared Thermal Imaging Camera The FLIR T620 IR infrared thermal ...,NetZeroTools,2012-04-19T19:10:04.000Z,96,0:02:13,0,0,0,Science & Technology,13,0,[],"""thermal image"" ""infrared thermography""",849,115
GtPYLSw168s,Yuxunion-night vision thermal imaging(laser infrared camera)-English Version,laser technology; infrared camera; thermal imaging; car night vision system;,Elva Lee,2016-04-10T22:16:15.000Z,1562,0:02:58,7,0,5,People & Blogs,11,0,[],"""thermal imaging"" ""infrared camera""",2417,116
Eo6U-OW-m4M,FLIR: Voyager II Maritime Night Vision Infrared Thermal Imaging System,FLIR: Voyager II Long-Range Thermal Night Vision System Model # 11445020 | Manuf. # 432-0002-01-07 Available at West Marine: http://bit.ly/1fY1rpH ...,Nicholas Nemo,2013-11-21T12:41:20.000Z,1386,0:07:27,2,0,5,Science & Technology,13,1,[],"thermography ""night vision""",267,117
JjlyOfCNlWs,Fluke TiR1 Infrared Camera HVAC Applications,http://www.netzerotools.com/fluke-tir1-thermal-imager-ir-camera The Fluke TiR1 Thermal Imaging camera is the perfect thermal imager for: building envelope ...,NetZeroTools,2012-04-30T21:50:08.000Z,1348,0:01:35,0,0,0,Science & Technology,13,0,[],"""infrared camera""",2283,118
N_khlZgD_nw,Seek thermal. Ð¡Ñ€Ð°Ð²Ð½ÐµÐ½Ð¸Ðµ Ð´Ð°Ð»ÑŒÐ½Ð¾ÑÑ‚Ð¸ Ñ€Ð°ÑÐ¿Ð¾Ð·Ð½Ð°Ð²Ð°Ð½Ð¸Ñ Ð¾Ð±ÑŠÐµÐºÑ‚Ð¾Ð² Ñ Ñ…4 Ð¾Ð±ÑŠÐµÐºÑ‚Ð¸Ð²Ð¾Ð¼ Ð¸ Ð±ÐµÐ·,Ð¡Ñ€Ð°Ð²Ð½ÐµÐ½Ð¸Ðµ Ð´Ð°Ð»ÑŒÐ½Ð¾ÑÑ‚Ð¸ Ñ€Ð°ÑÐ¿Ð¾Ð·Ð½Ð°Ð²Ð°Ð½Ð¸Ñ Ð¾Ð±ÑŠÐµÐºÑ‚Ð¾Ð² Ñ Ñ…4 Ð¾Ð±ÑŠÐµÐºÑ‚Ð¸Ð²Ð¾Ð¼ Ð¸ Ð±ÐµÐ· Ð½ÐµÐ³Ð¾. Ð˜ÑÐ¿Ð¾Ð»ÑŒÐ·Ð¾Ð²Ð°Ð»ÑÑ Ñ‚ÐµÐ¿Ð»Ð¾Ð²Ð¸Ð·Ð¾Ñ€ Seek thermal...,Uho Boris,2016-12-04T17:26:54.000Z,281,0:00:57,1,0,5,People & Blogs,11,11,[],"""seek thermal""",2143,119
M0WFaMko-2M,Chocolate lab in snow using seek thermal camera,My lab daisy running around in my back yard through the snow with me watching with my seek thermal camera.,Ed Gooldrup,2017-02-24T22:03:52.000Z,32,0:01:06,0,0,0,People & Blogs,11,0,[],"thermography ""seek thermal""",1339,120
uXyl3hbuDi4,"FLIR Lepton, Pi Zero, Analog Out, Full Screen",,EighthWonderInnovations,2017-05-28T04:25:19.000Z,0,0:00:00,0,0,0,Unknown,16,0,[],"""flir lepton""",770,121
I1XVUZUSVto,Making Coffee -Thermal Infrared Camera,What everyday objects would you like to see in infrared? Share in the comments below! Thermal camera experiment number 1: Drip coffee maker. On the right ...,EverydayInfrared,2017-03-12T21:20:25.000Z,108,0:01:17,6,0,5,People & Blogs,11,3,[],"infrared ""infrared camera""",1119,122
oBWgB_Ioinc,Airplanes On Long Range Thermal Camera,"In this video you can see nice ""afterburner effect"" from jet engines and fuselage beams, all caught on GUIDE IR519 Long Range Thermal Imager.",LongRangeThermalGuy,2015-08-27T12:59:30.000Z,8615,0:01:12,18,0,5,Science & Technology,13,1,[],"""thermal image"" ""imaging camera""",1376,123
Wnne8SkHnsA,FLIR Scout 2 - 320 Thermal Monocular Range Demonstration,FLIR Scout 2 - 320 Effective Range Demonstration 25 to 300 Yards ...,Ultimate Night Vision,2015-03-17T17:23:04.000Z,14839,0:01:59,23,1,4.833333492,People & Blogs,11,3,[],"thermography ""night vision""",1485,124
AUsoHPumsrU,Seek Thermal RevealPRO - First look,First look at RevealPRO thermal camera. More details: http://www.thermal.com/products/revealpro.,Wojciech Grzanka,2017-03-29T17:36:55.000Z,713,0:04:16,4,3,3.285714388,Science & Technology,13,2,[],"""seek thermal""",1522,125
N2RysPiuc0M,Walking outside with flir one IR camera,,Lee McDaniel,2016-09-24T14:08:55.000Z,121,0:00:16,0,0,0,Autos & Vehicles,1,0,[],"infrared ""flir one""",1886,126
HudWvL_jGiw,Seek Thermal,Bucks Rollin in.,Dave,2016-08-14T23:01:17.000Z,205,0:00:42,2,0,5,Pets & Animals,12,0,[],"""seek thermal""",291,127
RtXx598wG6Q,Flir PathfindIR - Thermal Imaging Video Camera,The FLIR Systems PathFindIR is a compact thermal imaging camera that significantly reduces the hazards of night time driving. Automotive Night Vision Systems ...,airconcern,2012-03-26T11:06:19.000Z,2367,0:03:36,3,1,4,Autos & Vehicles,1,0,[],"thermography ""night vision""",428,128
lk6E0DVvTgY,CÃ¢mera TÃ©rmica PortÃ¡til para Android e iPhone | Flir One,As imagens tÃ©rmicas geradas sem a necessidade da luz mostram um mundo antes totalmente desconhecido. VocÃª pode explorar ambientes externos no ...,Fala VertÃ£o !!!,2017-01-09T01:29:46.000Z,6176,0:01:02,608,7,4.954471588,Science & Technology,13,23,[],"""flir one""",1862,129
Nr1_HnE02nE,Fluke TiS Infrared Thermal Imaging Camera,http://www.aikencolon.com/fluke-tis-thermal-imager.html The Fluke TiS is the ideal infrared camera for thermal imaging of building diagnostic applications.,AC Tool Supply,2010-12-01T12:38:49.000Z,2819,0:04:14,0,0,5,Unknown,16,0,[],"""imaging camera""",1758,130
aq6-VLlyVsQ,FLIR VUE 9HZ vs. 30Hz Frame Rate Comparison,"This video shows the exact same scene, but imaged with two different FLIR Thermal Cameras. One camera is a 9Hz frame rate, the other is a 30Hz frame rate.",RMUSUAV,2016-05-17T05:39:27.000Z,1997,0:00:21,3,0,5,Science & Technology,13,0,[],"""flir lepton""",1407,131
zvS5RNFxY98,Seek thermal compact video of hot cooking oil.,What you're seeing is a thermal video using the Seek Thermal Compact of a pan of hot oil on the stove. Without the thermal camera the oil appears to be ...,NothingSpecial,2017-02-12T19:54:16.000Z,26,0:00:52,0,0,0,People & Blogs,11,0,[],"""thermal camera"" ""seek thermal""",2433,132
ChqVYe2hbF4,Introducing the FLIR E4 Infrared Camera with MSX,Introducing the FLIR E4 - Now you can afford the ultimate inspection tool. Gain the competitive advantage and take care of more customers. Blow them away ...,FLIR Systems,2015-07-21T19:49:18.000Z,4674,0:02:01,2,0,5,Science & Technology,13,0,[],"""infrared camera""",2744,133
eixNxIaM-0Y,Seek Thermal + Raspberry Pi 3,"Seek Thermal + Raspberry Pi 3 running Python script with pygame + 2"" display (built-in fbtft_device controller for ST7735) Used code from here (Cynfab client) ...",Robotic Daddy,2017-05-09T18:07:45.000Z,3767,0:00:54,0,0,4.428571224,Unknown,16,2,[],"""seek thermal""",1794,134
Lqv7SDwlVso,toaster IR timelapse FLIR Lepton,toaster IR timelapse FLIR Lepton.,FranÃ§ois Varas-Genestier,2016-03-26T07:08:28.000Z,51,0:00:41,0,0,0,Science & Technology,13,0,[],"""flir lepton""",1651,135
QSmhbE2I6nY,Infrared Camera VarioCAMÂ® High Definition of InfraTec - Spot,"For the first time, mobile thermographic microbolometer cameras with a detector format of (1024 x 768) IR pixels and therefore a 2.5 times higher resolution than ...",InfraTecGmbH,2012-08-02T15:16:01.000Z,1434,0:01:39,0,0,0,Science & Technology,13,0,[],"""infrared camera""",2568,136
glxahzjw8I4,Testing out the flir scout TK on my dog.,"Just a quick vid of my dog viewed through the Flir scout TK, not a bad little optic. considering the cost of thermal's can run into the thousand's too tens of ...",SKIPPYISAAUSSIE,2016-12-21T03:47:35.000Z,206,0:00:56,4,0,5,People & Blogs,11,1,[],"""thermal image"" ""flir lepton""",1101,137
mM1DjFz36OQ,Infrared Camera Flir one,,Curly Henderson,2016-12-31T18:56:41.000Z,18,0:00:44,0,0,0,Autos & Vehicles,1,0,[],"infrared ""flir one""",2386,138
zCebggV4sFA,FLIR Duo vs. FLIR Vue: A Side-by-Side Comparison,"For more information about the Duo, including price and availability, follow this link: http://www.flir.com/suas/duo/ In this episode, the Roswell Flight Test Crew ...",Roswell Flight Test Crew,2017-01-05T18:36:20.000Z,10892,0:03:45,67,0,5,Science & Technology,13,18,[],"""thermal camera"" ""flir one""",1372,139
A9w2EFILgBs,Thermal infrared camera during home inspection,,Russell Hensel,2013-06-20T01:42:31.000Z,59,0:01:30,0,0,0,Education,3,0,[],"thermal ""infrared camera""",499,140
CyZYOV3JNcE,"M.I.T research: thermographic camera compilation, IrDA, IR, Infrared camera","Firma M.I.T ( tel. 792888110 ) oferuje usÅ‚ugÄ™ nagrywanie filmÃ³w w podczerwieni, wykonywanie zdjÄ™Ä‡ w termowizji, termogramÃ³w oraz wykonujemy odczyty ...",Maciej Jaruszewski,2014-05-04T18:35:01.000Z,546,0:02:26,7,0,5,People & Blogs,11,0,[],"thermography ""infrared camera""",2712,141
1KPGR-9SZ1w,FLIR ONE Photokunst,"FLIR ONE iphone WÃ¤rmebildkamera fÃ¼r den tÃ¤glichen Einsatz... Elektro, Haustechnik, BlowerDoor, Leckortung, GebÃ¤udediagnostik, Jagd, Security, Photo, ...",ROEDER MST,2014-09-23T14:20:44.000Z,44,0:01:51,0,0,0,Science & Technology,13,0,[],"lepton ""flir one""",95,142
bhS8BAfEY1U,Seek Thermal Reveal Unboxing and Demo,"http://www.tequipment.net/Seek-Thermal/Reveal/Building-and-Industrial-Thermal-Imagers/ Built for the realities of work and play, the Seek Reveal handheld ...",TEquipment.NET,2015-12-16T22:45:04.000Z,3962,0:03:27,12,5,3.823529482,Science & Technology,13,4,[],"""seek thermal""",2397,143
RORLaa8eSiE,Best ultra long range Thermal Camera 50km 35 miles DRI HD MWIR Cooled Infrared thermal Surveillance,Ultra Extreme long range camera HD MWIR Cooled Thermal + HD day night PTZ Surveillance camera + ZLID IR Laser illumination IP ONVIF wireless pan tilt ...,Long Range Thermal Camera Infrared Surveillance PTZ,2016-07-11T21:14:10.000Z,1358,0:00:36,9,0,5,People & Blogs,11,0,[],"""thermal camera"" ""thermal imager""",551,144
FYAntYDbbkg,Enerlogic VEP series film energy savings demonstration using thermographic imaging camera,This video quite clearly shows how the VEP series films significantly slows the transfer of heat from inside the house to the outside.,robert donovan,2012-04-06T13:05:37.000Z,1830,0:05:10,2,2,3,Howto & Style,7,0,[],"thermography ""imaging camera""",1218,145
rEVz0A8tF2w,"FLIR Thermal Imaging, Night Vision & Infrared Camera Systems By: Ian Van Tuyl","This is a great product to have on your yacht for night passages. They create pictures from heat, not light, so you can see landmarks, bridge abutments, and other ...","IVT Yacht Sales, Inc.",2012-11-30T23:10:07.000Z,657,0:01:17,2,1,3.666666746,Autos & Vehicles,1,1,[],"""thermal imaging"" ""flir thermal""",84,146
SODWugXMlzA,Thermal camera test 640/60hz,640x480 fpa 60hz.,MrKingkong8inches,2017-06-07T13:35:15.000Z,76,0:04:12,0,0,0,People & Blogs,11,0,[],"lepton ""seek thermal""",915,147
8RIZTYi2J18,Backyard Seek Thermal BW,,TheSkeet1984,2016-09-30T14:39:28.000Z,107,0:00:38,0,0,0,Comedy,2,1,[],"thermography ""seek thermal""",2803,148
3i1wfMdZPlc,KJB SC7200HD HD Infrared Night Vision Smoke Detector Motion Detection Covert Camera (Bottom View),http://stuntcams.com/shop/hd-infrared-smoke-detector-covert-camera-bottom-view-p-849.html This is our new and improved hidden smoke detector camera.,StuntCams,2015-02-10T23:39:02.000Z,2510,0:00:55,0,2,1,Science & Technology,13,0,[],"infrared ""night vision""",1512,149
USMCpov9x0w,Thermal Imager - Fluke Product Review Video,Like the Fluke Review Video? Learn more about the Fluke Thermal Imager at: http://shout.lt/ftSv.,Grainger,2012-12-27T16:27:16.000Z,0,0:00:00,0,0,0,Unknown,16,0,[],"thermography ""thermal imager""",254,150
ZRk3TLrHqlA,INFRARED CAMERA TUTORIAL | Does My Camera Have Infrared Sensor To Use with a Remote Control?,An Infrared Camera Sensor allows a photographer to take shots wirelessly by using a remote control. Watch our video to learn more. Get your own remote on ...,Digital Goja,2016-07-15T19:00:02.000Z,1757,0:03:39,22,0,5,Science & Technology,13,3,[],"infrared ""infrared camera""",2074,151
S8KZxykz4Mo,shot show 2012 SPI thermal imaging and night vision 3D,thermal imaging and night vision scopes from SPI Corp www.x20.org.,hms311,2012-01-24T01:54:48.000Z,224,0:01:22,1,0,5,Science & Technology,13,1,[],"""thermal imaging"" ""night vision""",2082,152
pSsF1t4ZkiI,#85 Can thermal camera images reduce troubleshooting time? Tested with a FLIR one,We explore in this episode how a Flir one can improve troubleshooting time.,TRX Bench,2016-03-06T16:33:00.000Z,4855,0:42:59,189,7,4.857142925,Science & Technology,13,63,[],"""flir one""",492,153
jv9mUnnKzrg,Palm IR 250D / Thermal-Eye 250 Thermal Imager Infrared Camera Presentation,The Palm IR 250D thermal imager is the longest running most beloved thermal camera of all time. Also known as the Thermal Eye 250 it has been in service for ...,Thermal Scopes,2011-08-05T19:44:33.000Z,9700,0:08:42,11,3,4.142857075,Science & Technology,13,4,[],"""thermal imager""",1590,154
mh_VHfHsDdA,Best Miliary IR Infrared  Uncooled LWIR Thermal Infrared Night Vision PTZ surveillance Camera- Test,"Best LWIR Uncooled Infrared Thermal Camera CCTV surveillance VOX Sensor Compare with FLIR Tau 2 DDE, PTZ long range Camera Thermal security PTZ ...",Long Range Thermal Infrared Surveillance Cameras,2016-08-15T22:58:58.000Z,550,0:01:13,7,0,5,People & Blogs,11,0,[],"thermography ""night vision""",1646,155
mkVDmoIF9t4,night vision IR laser camera identify human face,"night vision infrared laser illuminator, up to 3km identification distance at night. best for railway/seaport/airport/border surveillance. Contact Information: Website: ...",Hope-Wish thermal camera,2017-06-19T06:42:58.000Z,15,0:01:07,0,0,0,Science & Technology,13,0,[],"""thermal camera"" ""night vision""",61,156
ucdAQH8Js0I,Thermal camera with hot object detection.,Detection with thresholding and findContours in opencv.,Martin Jensen,2015-12-10T13:02:23.000Z,99,0:00:38,1,0,5,Education,3,1,[],"lepton ""seek thermal""",2476,157
SDZYVMYAptM,Infrared Thermography for Thermo Fluid Dynamics Experimental Fluid Mechanics,,DJNI GAUMY,2017-05-25T10:50:19.000Z,0,0:00:00,0,0,0,Unknown,16,0,[],"""infrared thermography""",331,158
3QNK8HRVJpc,Low Cost FLIR Thermal Rifle Scope,The newest low cost thermal scope on the market is the T14X thermal rifle scope. The FLIR is a forward looking infrared sensor that lets you see heat energy or ...,hms311,2013-05-23T23:15:52.000Z,105597,0:20:28,212,154,3.316939831,Science & Technology,13,0,[],"""flir thermal""",1143,159
Rc0fvfWWrII,Infrared Training Limited,Introducing Infrared Training Limited! Infrared Training Ltd provides Certified Thermography Training across a range of applications and is suitable for beginners ...,Infrared Training Ltd,2014-12-08T10:58:16.000Z,785,0:04:34,3,0,5,Science & Technology,13,1,[],"infrared ""infrared thermography""",2251,160
AeEvrNUZCtU,Live Archive: Checking out the new FLIR Helios Thermal Bi-ocular,The FLIR Helios is the latest and most technologically advanced family of Thermal Imaging bi-oculars available today. Bi-ocular design is better for sustained ...,FLIR Systems,2017-01-20T19:42:43.000Z,1455,0:01:23,9,2,4.272727489,Science & Technology,13,6,[],"""flir lepton""",1785,161
BuIX78AdRD8,"Sheenrun Company with 11 years experience on thermal imaging camera,Laser night vision camera",Professional Long Range thermal night vision camera Laser Camera Integrated PTZ Camera system.,Mary Tian,2016-02-03T05:33:48.000Z,36,0:01:55,0,1,1,People & Blogs,11,0,[],"""thermal imaging"" ""night vision""",838,162
f69cHSekfOg,Seeing a restriction come to life with the Flir one,,Ulises Palacios,2016-08-23T03:00:08.000Z,2858,0:01:35,36,0,5,Entertainment,4,23,[],"""flir one""",461,163
v34VBoi11JA,Using a macro lens to Seek Thermal.,Ð˜ÑÐ¿Ð¾Ð»ÑŒÐ·Ð¾Ð²Ð°Ð½Ð¸Ðµ Ð¼Ð°ÐºÑ€Ð¾ Ð»Ð¸Ð½Ð· Ð´Ð»Ñ Seek Thermal . Using a macro lens to Seek Thermal.,Uho Boris,2015-04-24T16:29:25.000Z,1556,0:04:22,7,0,5,People & Blogs,11,4,[],"thermal ""seek thermal""",2312,164
b15N40yuvBw,FLIR One,Playing around with my new FLIR one iPhone case.,lbnoel,2014-08-30T17:13:14.000Z,64,0:00:11,0,0,0,People & Blogs,11,0,[],"lepton ""flir one""",648,165
5dnuZmD59SE,EOTech X320 Thermal Imager,Had fun playing with 2 thermal night vision monocular. Quality is nominal since I was just holding my IPhone to the lens but this gives you an idea of what you ...,SpecialEd309,2014-04-08T15:37:03.000Z,10738,0:04:24,0,0,4.142857075,Sports,14,4,[],"""thermal imager""",2533,166
hi3fCPJOd0w,Seek thermal Camera First Test.,Trying out my new Seek Thermal Camera.,TreadheadA1,2016-03-04T00:20:07.000Z,51,0:00:45,0,0,0,Travel & Events,15,0,[],"thermography ""seek thermal""",1106,167
l2LonPbhgEg,Extech i5 compact IR camera Vignette Demo Thermal Imager Flir,"Extremely Lightweight at 12oz. Focus Free lens for convenient Viewing 2.8""(7.1mm) high resolution LCD Screen High Sensitivity (0.18Â°F) to pick up even the ...",TEquipment.NET,2009-08-31T21:19:25.000Z,8795,0:01:28,2,1,3.666666746,Science & Technology,13,0,[],"infrared ""thermal imager""",2279,168
_kf99UT8l-Y,ATN ThOR Thermal Riflescope Predator Hunting,ATN ThOR Thermal Riflescope takes predator hunting to a new level. This video shows some great real life hunting footage. Best deals on full line of ATN ThOR ...,NightVisionGuys,2015-07-19T22:07:42.000Z,60479,0:09:11,221,22,4.637860298,Science & Technology,13,64,[],"""thermal imaging"" ""night vision""",835,169
8Cr8oZck5m8,Seek Thermal camera teardown part 1,,mikeselectricstuff,2014-10-24T09:52:22.000Z,56777,0:29:48,729,13,4.929919243,Science & Technology,13,102,[],"""seek thermal""",2163,170
OsAb6hIO52w,Candle powered Heater catches Fire - Flir One Thermal Imaging monitors heat measurement,I decided to try this clay pot heater people are talking about. It was heating up well but got out of control after 2 hours and turned into a ball of fire that I struggled ...,washdc777@gmail.com,2014-10-16T22:35:47.000Z,5023,0:04:44,19,0,5,People & Blogs,11,9,[],"""thermal imaging"" ""flir one""",1636,171
qqpxWwECHNI,FLIR i40 Infrared Camera Thermal Imager IR i 40,http://www.aaatesters.com/FLIR_Systems_IR_Imagers-FLIR_i40_Infrared_Camera_Thermal_Imager_IR_i_40.html FLIR i40 Infrared Camera Thermal Imager IR ...,AAATesters Test Equipment,2017-02-10T03:55:33.000Z,8,0:00:49,0,0,0,Science & Technology,13,0,[],"infrared ""thermal imager""",1019,172
0Zc7P5srsAo,FLIR - Thermal Imaging - Night Vision and Infrared Camera Systems,"For more info, Visit: http://www.flir.com.au/",Rosemarie Butson,2013-01-11T20:04:51.000Z,32,0:00:46,0,0,0,Science & Technology,13,0,[],"""thermal imaging"" ""infrared camera""",1944,173
bB1lTnAhPzY,Benefits of Thermal Imaging vs Night Vision,This video helps you understand the benefits of thermal imaging technology over the currently available night vision technology.,NightVisionGuys,2014-07-19T18:57:31.000Z,4833,0:02:01,7,1,4.5,Science & Technology,13,5,[],"thermography ""night vision""",1992,174
JKpbm_XMdIA,Flir One - Best affordable infrared camera attachment?,Flir One is a mobile phone attachment that allows you to take real infrared pictures. Topics covered: What is Flir One? Compatibility of Flir One Features Pros and ...,DeuteriumTech,2016-05-08T18:50:44.000Z,1245,0:10:55,6,4,3.400000095,Science & Technology,13,13,[],"thermography ""flir one""",1915,175
OWrHlC_RXAE,Fluke Ti100 Infrared Thermography Electronic Compass,http://www.netzerotools.com/fluke-ti100-thermal-imaging-infrared-camera-9hz Fluke TI100 TI 100 Thermal Imaging Infrared Camera for General Purposes 9Hz ...,NetZeroTools,2012-04-25T16:29:58.000Z,52,0:00:59,0,0,0,Science & Technology,13,0,[],"thermal ""infrared thermography""",1919,176
SX_Snctro7Y,Flir One - Rabbit in total Darkness,"No visual Light, the Flir One is only able to use its IR Sensor.",Erebos,2015-12-17T16:19:46.000Z,338,0:00:15,0,0,2.333333254,Unknown,16,0,[],"""thermal camera"" ""flir one""",1929,177
6LNzs8GPb7c,Packages of Bees in #InfraRed #FLIRone,Using the FLIR One on package bees!,David Marder,2015-05-04T18:50:35.000Z,276,0:01:08,1,0,5,People & Blogs,11,0,[],"infrared ""flir one""",968,178
iE1l_WM9uPo,Bell & Howell DNV16HDZ Infrared night vision test,Infrared test with the B&H night vision camcorder using two external ir lights lighting up a room 12'x30'.,MidwestGhost Investigators,2014-10-13T00:38:14.000Z,1338,0:01:38,0,0,4.666666508,Unknown,16,8,[],"infrared ""night vision""",1405,179
L3jiQIXWJEA,Tools & Equipment: Seek Thermal Compact camera,,BouwTotaal,2016-12-14T11:30:30.000Z,329,0:03:27,0,0,0,Science & Technology,13,0,[],"""seek thermal""",2796,180
ccs9qxGbE0w,Cats Kitten infrared thermography WÃ¤rmebildkamera IC080LV,"384 x 288-Infrarotsensor mit einer Anzahl von 110.592 Temperaturmesspunkten. Die Bedienung ist gruselig, Bilder speichert die Kamera nur im sat-Format.",Michel,2016-03-05T15:17:55.000Z,124,0:00:57,0,0,5,Unknown,16,0,[],"""infrared thermography""",1366,181
csovPFrWi4o,Flir i7 Thermal Imaging Infrared Camera Thermography,http://www.netzerotools.com/flir-i7-thermal-imaging-camera.html FLIR i7 Compact Thermal Imaging InfraRed Camera The FLIR i7 thermal imaging camera is an ...,AC Tool Supply,2012-06-19T18:02:30.000Z,118,0:01:47,0,0,0,Science & Technology,13,0,[],"thermography ""imaging camera""",2817,182
1oA1t9Pd5uM,FLIR WideEye - Thermal Imaging,The FLIR WideEye is the worlds first thermal imager offering a 180 degree field of view. It provides the ability to monitor large areas with a single camera.,thermalvideo,2011-04-27T15:08:19.000Z,97,0:01:37,0,0,0,Science & Technology,13,0,[],"""thermal imaging"" ""flir lepton""",1072,183
JrKFZBliXY8,2017 Subaru WRX engine FLIR One Thermal video,A quick video of me pointing the thermal cam at different spots In the engine. I'll do a warm up video soon.,Byron Clarkson,2017-03-03T02:53:36.000Z,52,0:00:57,0,0,0,People & Blogs,11,0,[],"thermography ""flir one""",137,184
dmWWoaDIpbg,Infrared - Making Coffee,Watch the signatures change as I make coffee. FLIR ONE sees right through the cups and milk bottles to even reveal how much is left in the bottle.,Richard Stockenstrom,2016-01-03T01:43:38.000Z,221,0:01:43,3,1,4,Science & Technology,13,0,[],"infrared ""flir one""",1674,185
JBjq8VVWy7k,Extech Irc30 i3 Compact Infrared Thermal Imaging Camera Showcase Video,Shop Now: ...,Test Equipment Depot,2011-04-23T16:32:21.000Z,1273,0:00:35,1,0,5,Education,3,0,[],"infrared ""imaging camera""",1913,186
gVFDNUKjAog,DJI Inspire 1 Drone with Flir Vue Infrared Camera,We have modified a DJI Inspire1 Drone to fit a Flir Vue Infrared Camera. Call us at 1-844-DRONES0 or swing by one of our many store locations listed at ...,Drones Plus,2015-08-04T08:20:06.000Z,12607,0:00:41,0,0,3.799999952,Unknown,16,1,[],"""infrared camera""",802,187
hHHvKh260do,How to make an IR night vision light. CHEAP!!!!!!,"""WARNING"" Disclaimer: This light gets very hot and only works with night vision capable cameras. Use this light at your own risk. I would not advise using it for ...",screamfreak79,2010-03-20T04:25:32.000Z,203172,0:04:20,503,58,4.586452961,Education,3,164,[],"thermography ""night vision""",1664,188
mjwNZkyoZ88,Fart Caught On Infrared Camera,Fart Caught On Infrared Camera.,CoolChina,2006-12-14T08:51:20.000Z,312447,0:00:09,241,63,4.171052456,Comedy,2,107,[],"infrared ""infrared camera""",718,189
JXI4dR1lY3E,"Leupold ""LTO Tracker"" Thermal Monocular (with Long Range testing)","The LTO Tracker is a great device that will allow you to pick up the heat signature of game or a person, so it can be used when hunting or as a security device.",ozziereviews,2017-03-09T20:18:32.000Z,27284,0:13:06,203,5,4.903846264,Sports,14,62,[],"""thermal camera"" ""night vision""",2131,190
YN4YBplV_bk,"Ð¢ÐµÐ¿Ð»Ð¾Ð²Ð¸Ð·Ð¾Ñ€ Kkmoon, Ð´Ð¾Ñ€Ð°Ð±Ð¾Ñ‚ÐºÐ° - ÑŽÑÐ±Ð¸ Ð¿Ð¾Ñ€Ñ‚ Ð´Ð»Ñ Ð·Ð°Ñ€ÑÐ´ÐºÐ¸.Thermometer Handheld Thermal Imaging Camera","Ð”Ñ€ÑƒÐ·ÑŒÑ, ÐµÑÐ»Ð¸ Ð¾ÑÑ‚Ð°Ð»Ð¸ÑÑŒ Ð²Ð¾Ð¿Ñ€Ð¾ÑÑ‹, Ð¿Ð¾Ð¶Ð°Ð»ÑƒÐ¹ÑÑ‚Ð° Ð¿Ð¸ÑˆÐ¸Ñ‚Ðµ Ð² ÐºÐ¾Ð¼Ð¼ÐµÐ½Ñ‚Ð°Ñ€Ð¸ÑÑ…. Ð¡Ð¿Ð°ÑÐ¸Ð±Ð¾ Ð·Ð° Ð¿Ñ€Ð¾ÑÐ¼Ð¾Ñ‚Ñ€ Ð¸ ÑƒÑ‡Ð°ÑÑ‚Ð¸Ðµ. ÐžÐ±Ð·Ð¾Ñ€ Ð¸...",Ð’Ð¸ÐºÑ‚Ð¾Ñ€ Ð¡Ð¾Ñ‡Ð¸,2016-11-25T05:41:35.000Z,931,0:10:33,17,1,4.777777672,Science & Technology,13,14,[],"""imaging camera""",1292,191
7u5y9lnrg_A,Thermal Imaging for your Smartphone - Amy talks Seek Compact XR Thermal,The new Seek Compact XR is a thermal imaging attachment for your smartphone that has many uses. Amy thinks its ideal for using in a club to check how hot ...,The Night Vision Show,2016-08-04T15:21:04.000Z,666,0:01:05,10,3,4.076922894,Science & Technology,13,0,[],"""thermal image"" ""seek thermal""",2578,192
zJJytAFEHRA,FLIR Thermal Imaging,FLIR Thermal Imaging.,Gear Websites,2011-02-28T05:54:39.000Z,4193,0:04:08,31,0,5,Science & Technology,13,5,[],"""thermal imaging"" ""flir thermal""",761,193
4x44668CLDE,Harlem Shake (FLIR thermal style),"Starring members of the FLIR, Extech, and Raymarine teams, this Harlem Shake was shot on location at the Infrared Training Center in Nashua, NH with a FLIR ...",Vatche Arabian,2013-02-22T13:38:13.000Z,12960,0:00:31,52,2,4.85185194,Comedy,2,13,[],"""flir thermal""",751,194
N7pEil0SOyk,"Scotle IR PRO SC V4 First lift, first profile, test board.","Scotle IR PRO SC V4 First lift, test board. www.bgamods.com.",The Shiny Ones [TSO],2013-09-01T19:37:06.000Z,7922,0:20:03,2,3,2.599999905,Science & Technology,13,7,[],"infrared ""thermal paste""",1569,195
UPPHQkG5Vco,Seek Thermal Camera - Car after 10 Minute Drive,Link to the Seek Thermal Camera (~$200) on Amazon: ...,XunileConsulting,2014-12-30T17:44:58.000Z,606,0:00:47,1,0,5,Science & Technology,13,0,[],"""thermal camera"" ""seek thermal""",725,196
DJKC9vJAHxU,Seek Thermal Reveal Thermal Imager | Instrumart,"Shop Now: https://www.instrumart.com/products/43279/seek-thermal-reveal-thermal-imager The Seek Thermal Reveal thermal imager is a standalone, ...",Instrumart,2016-05-24T16:48:55.000Z,479,0:01:16,1,0,5,Science & Technology,13,0,[],"""thermal imager""",1946,197
S1_Ct1EV3xM,Quick video of my car with Seek thermal camera,Video of my car with Seek thermal camera after a short drive.,hey8you,2015-07-25T22:20:29.000Z,89,0:00:36,0,0,0,Science & Technology,13,0,[],"thermography ""seek thermal""",2806,198
3EbG6g98Vz4,Thermal Imaging or Thermography,"Infrared Thermography, thermal imaging, or thermal video, is a type of infrared imaging science. Thermographic cameras detect radiation in the infrared range of ...",Sujay Das,2008-11-03T18:36:30.000Z,4998,0:02:39,7,0,5,Science & Technology,13,2,[],"thermography ""imaging camera""",2518,199
8F2YPDrfLog,FLIR K-Series Thermal imaging cameras for fire fighters,For more information visit: http://www.ferret.com.au/c/FLIR-Systems-Australia.,Ferret.com.au,2013-03-06T00:20:01.000Z,3447,0:05:28,4,0,5,Science & Technology,13,0,[],"thermography ""imaging camera""",2660,200
